id,first_name,last_name,Language,email,gender,ip_address,last_connection
1,Foss,Kemetz,Tok Pisin,fkemetz0@dagondesign.com,Male,172.204.153.8,16/01/2023
2,Cameron,Haskell,Bosnian,chaskell1@networksolutions.com,Male,192.161.252.111,13/08/2022
3,Jayne,Feuell,Portuguese,jfeuell2@kickstarter.com,Female,148.221.226.81,19/02/2023
4,Richardo,Phippard,Danish,rphippard3@samsung.com,Male,140.233.197.253,09/04/2023
5,Yalonda,Czaple,Hebrew,yczaple4@bloglovin.com,Female,204.44.31.231,16/04/2023
6,Link,Summerson,Norwegian,lsummerson5@topsy.com,Agender,139.241.114.234,13/05/2023
7,Albertine,Perone,Dhivehi,aperone6@deviantart.com,Female,44.164.22.174,26/11/2022
8,Felicio,Vondruska,Moldovan,fvondruska7@wufoo.com,Male,103.231.223.71,10/12/2022
9,Garrett,Downton,Swati,gdownton8@tumblr.com,Genderfluid,118.126.96.54,06/06/2023
10,Gearalt,Ricciardi,Malayalam,gricciardi9@1688.com,Male,113.118.196.174,27/06/2022
11,Rodi,Franciottoi,Mongolian,rfranciottoia@icio.us,Female,82.22.225.124,29/03/2023
12,Cathleen,Coolican,Mongolian,ccoolicanb@networksolutions.com,Female,227.251.245.27,11/11/2022
13,Britni,Edington,Maltese,bedingtonc@dmoz.org,Female,74.86.109.85,25/03/2023
14,Audie,Gratland,Spanish,agratlandd@bizjournals.com,Female,210.223.233.148,26/04/2023
15,Raimundo,Keitley,Arabic,rkeitleye@blogtalkradio.com,Male,112.18.196.124,23/05/2023
16,Paulo,Jakubovski,Japanese,pjakubovskif@bbb.org,Male,24.190.83.189,17/07/2022
17,Kalle,Nestor,Hebrew,knestorg@samsung.com,Male,242.21.115.222,15/01/2023
18,Millard,Jarlmann,Gujarati,mjarlmannh@nydailynews.com,Male,49.138.216.9,29/08/2022
19,Dulci,Santino,Japanese,dsantinoi@statcounter.com,Non-binary,101.81.129.67,30/04/2023
20,Cathy,Leades,Armenian,cleadesj@drupal.org,Female,142.179.88.85,21/11/2022
21,George,Penna,Afrikaans,gpennak@1und1.de,Female,188.238.125.239,10/04/2023
22,Sansone,Wrankling,Papiamento,swranklingl@ox.ac.uk,Male,164.4.199.221,28/04/2023
23,Nolan,Scotfurth,Malay,nscotfurthm@barnesandnoble.com,Male,212.187.25.239,23/01/2023
24,Kala,Dansie,Malayalam,kdansien@ameblo.jp,Female,165.149.121.0,18/04/2023
25,Moise,Raikes,French,mraikeso@epa.gov,Male,150.181.176.121,12/10/2022
26,Monti,Volke,Burmese,mvolkep@bravesites.com,Male,245.172.67.0,27/12/2022
27,Thaine,Hansman,Latvian,thansmanq@pbs.org,Male,202.209.230.241,23/12/2022
28,Guthrey,Gwilt,Māori,ggwiltr@latimes.com,Male,236.49.137.24,11/03/2023
29,Osgood,Lopes,Bengali,olopess@weibo.com,Male,68.85.102.182,31/08/2022
30,Marin,De Lorenzo,Hindi,mdelorenzot@google.com.au,Female,109.195.158.198,03/02/2023
31,Jewelle,O'Flaherty,Filipino,,Genderfluid,119.162.26.174,20/04/2023
32,Irina,Rangle,Italian,iranglev@deliciousdays.com,Female,0.142.15.250,16/08/2022
33,Julia,Billborough,Dutch,jbillboroughw@unc.edu,Female,64.188.149.149,24/07/2022
34,Lila,Ornillos,West Frisian,lornillosx@hatena.ne.jp,Female,148.196.168.207,12/11/2022
35,Shel,Barfford,Swati,sbarffordy@arizona.edu,Female,202.63.120.16,14/10/2022
36,Mannie,Barstock,Ndebele,mbarstockz@apache.org,Male,135.36.232.105,22/02/2023
37,Joletta,Mebius,Dutch,jmebius10@joomla.org,Female,197.59.239.164,08/11/2022
38,Gert,Blanche,Hiri Motu,,Female,247.98.124.167,20/09/2022
39,Ann,Grasner,Kyrgyz,agrasner12@wsj.com,Female,127.27.85.111,29/08/2022
40,Emerson,Worsall,Māori,eworsall13@tumblr.com,Male,255.35.157.20,22/03/2023
41,Ford,Rodge,Tetum,frodge14@pinterest.com,Male,151.16.224.18,04/06/2023
42,Brigham,Checchetelli,Spanish,bchecchetelli15@mit.edu,Male,40.201.74.85,20/04/2023
43,Shepperd,Kneath,Zulu,skneath16@bizjournals.com,Male,120.148.21.203,12/12/2022
44,Bryon,Furmagier,Albanian,bfurmagier17@aol.com,Male,112.172.104.133,16/03/2023
45,Christoph,Malcher,Japanese,cmalcher18@posterous.com,Male,118.149.10.246,19/02/2023
46,Juliana,Govan,Pashto,jgovan19@eventbrite.com,Female,117.201.207.56,05/07/2022
47,Cindelyn,Detoile,Hindi,cdetoile1a@vimeo.com,Female,81.183.120.99,20/08/2022
48,Lacey,Davinet,Filipino,ldavinet1b@ask.com,Female,144.150.30.30,21/03/2023
49,Sissy,Puttrell,Croatian,sputtrell1c@google.co.uk,Female,26.81.77.97,05/12/2022
50,Pauline,Bogey,Assamese,pbogey1d@twitter.com,Female,229.168.120.229,22/04/2023
51,Isacco,Eaton,Romanian,ieaton1e@nih.gov,Male,74.248.214.178,29/09/2022
52,Emelina,Casse,Dhivehi,ecasse1f@walmart.com,Female,115.104.230.57,08/07/2022
53,Merle,Grayling,Kashmiri,mgrayling1g@digg.com,Male,21.92.13.153,12/07/2022
54,Alic,Dreinan,Amharic,adreinan1h@arizona.edu,Male,177.103.79.113,23/04/2023
55,Tabbitha,Battie,Tok Pisin,tbattie1i@tripod.com,Female,94.149.189.88,30/09/2022
56,Silvan,Tomala,Greek,stomala1j@ebay.co.uk,Male,212.101.96.67,16/02/2023
57,Franky,Bottinelli,Dzongkha,fbottinelli1k@newyorker.com,Female,229.193.251.253,12/03/2023
58,Brenna,Feldheim,Assamese,bfeldheim1l@dmoz.org,Female,247.213.179.123,23/05/2023
59,Kearney,Van Der Weedenburg,Spanish,kvanderweedenburg1m@ucsd.edu,Male,36.80.32.94,29/08/2022
60,Fiona,Marklin,Tok Pisin,fmarklin1n@arstechnica.com,Female,130.69.191.101,01/09/2022
61,Roanna,Shouler,Belarusian,rshouler1o@google.nl,Female,179.158.55.174,25/09/2022
62,Etta,Amiss,Croatian,eamiss1p@mozilla.com,Female,131.195.237.4,09/04/2023
63,Louie,Ledger,Northern Sotho,lledger1q@list-manage.com,Bigender,86.104.31.35,31/12/2022
64,Marcus,Manus,Finnish,mmanus1r@wiley.com,Male,237.124.122.92,08/01/2023
65,Jerome,Provest,Nepali,jprovest1s@360.cn,Male,29.68.194.233,04/07/2022
66,Aldridge,Maxfield,Aymara,amaxfield1t@blogspot.com,Male,32.21.195.67,08/02/2023
67,Fowler,Baseggio,Japanese,fbaseggio1u@cornell.edu,Male,200.128.168.86,17/05/2023
68,Charline,Guppey,Danish,cguppey1v@samsung.com,Genderfluid,166.230.255.82,24/07/2022
69,Silvie,Whenman,Bulgarian,,Female,32.232.217.235,04/08/2022
70,Gill,Penson,Arabic,gpenson1x@reuters.com,Female,81.25.174.166,07/10/2022
71,Tracey,Mattheeuw,New Zealand Sign Language,tmattheeuw1y@last.fm,Male,101.110.175.24,12/06/2023
72,Nichol,Lenglet,Hindi,nlenglet1z@bluehost.com,Genderqueer,154.26.118.133,04/06/2023
73,Sharla,Conant,Bulgarian,sconant20@themeforest.net,Female,51.146.188.201,28/01/2023
74,Artemus,Philson,Burmese,aphilson21@youku.com,Male,8.203.106.102,11/03/2023
75,Eziechiele,Meatyard,Swahili,emeatyard22@tripod.com,Male,25.106.74.4,31/10/2022
76,Tierney,Statersfield,Gagauz,tstatersfield23@si.edu,Female,170.91.242.235,22/07/2022
77,Tymon,Alekhov,Guaraní,talekhov24@redcross.org,Male,13.68.170.1,16/02/2023
78,Arnoldo,Bloxam,German,abloxam25@msn.com,Male,159.211.179.72,19/02/2023
79,Winny,Hattiff,Zulu,whattiff26@apple.com,Male,49.163.127.118,06/05/2023
80,Elroy,Rieger,Northern Sotho,erieger27@washingtonpost.com,Male,213.4.42.108,21/03/2023
81,Kriste,Elfleet,Danish,kelfleet28@foxnews.com,Female,145.36.52.144,07/05/2023
82,Zilvia,Dartnall,Guaraní,zdartnall29@studiopress.com,Female,104.67.158.91,01/06/2023
83,Isaiah,Ackrill,Bulgarian,,Male,61.220.66.139,04/03/2023
84,Hali,Tuxill,Fijian,htuxill2b@webeden.co.uk,Female,69.171.89.57,21/03/2023
85,Renaud,Zieme,Irish Gaelic,rzieme2c@google.co.jp,Male,5.80.37.221,08/02/2023
86,Miltie,Clerc,Korean,mclerc2d@slideshare.net,Male,172.210.31.249,20/05/2023
87,Trina,Maleney,Khmer,tmaleney2e@woothemes.com,Female,74.206.100.41,19/04/2023
88,Ramon,Fawcus,Malagasy,rfawcus2f@printfriendly.com,Male,136.29.72.239,06/03/2023
89,Sherm,Bartot,Latvian,sbartot2g@seattletimes.com,Male,42.115.63.113,06/12/2022
90,Eugenia,Wiggans,Bislama,,Female,5.49.79.104,23/09/2022
91,Vidovic,Langsbury,English,vlangsbury2i@cam.ac.uk,Male,126.114.228.25,03/11/2022
92,Arvin,Egdal,Romanian,aegdal2j@sphinn.com,Male,129.179.215.16,03/09/2022
93,Annie,Duinkerk,Chinese,aduinkerk2k@dion.ne.jp,Female,228.49.94.209,26/05/2023
94,Cathryn,Yurukhin,English,cyurukhin2l@twitpic.com,Female,59.200.219.126,14/05/2023
95,Iona,Abley,French,iabley2m@marketwatch.com,Female,204.173.234.75,21/07/2022
96,Papageno,Scotchforth,Portuguese,pscotchforth2n@xinhuanet.com,Male,184.208.40.141,15/10/2022
97,Noella,Budik,Bengali,nbudik2o@google.fr,Female,226.44.48.231,26/02/2023
98,Corella,Housecroft,Kannada,chousecroft2p@abc.net.au,Female,149.129.115.116,28/10/2022
99,Tedd,Moncarr,Kashmiri,tmoncarr2q@sciencedaily.com,Male,124.17.47.155,22/05/2023
100,Charmain,Thurlbourne,Tajik,cthurlbourne2r@un.org,Non-binary,154.99.31.108,10/08/2022
101,Laureen,Wolfenden,Guaraní,lwolfenden2s@pagesperso-orange.fr,Female,34.16.245.183,23/08/2022
102,Tressa,Goudard,Malayalam,tgoudard2t@wired.com,Female,25.115.34.21,25/02/2023
103,Corinna,Goude,Tetum,cgoude2u@mayoclinic.com,Female,114.42.14.71,16/08/2022
104,Nanci,Kettlesing,Portuguese,nkettlesing2v@springer.com,Female,85.116.223.102,14/08/2022
105,Mollie,Whorf,Bosnian,mwhorf2w@samsung.com,Female,45.68.211.128,25/11/2022
106,Fayette,Madill,Gagauz,fmadill2x@cafepress.com,Female,96.35.165.15,11/04/2023
107,Noe,Ravenscraft,Ndebele,nravenscraft2y@dot.gov,Male,55.82.28.162,09/07/2022
108,Holly,Nardrup,Pashto,hnardrup2z@weather.com,Male,150.187.124.189,12/05/2023
109,Adiana,Bottomley,Lao,,Female,139.43.129.56,07/07/2022
110,Sansone,Dericut,Guaraní,sdericut31@tamu.edu,Male,198.160.72.178,17/09/2022
111,Rosanne,Roseblade,German,rroseblade32@ft.com,Female,179.57.106.106,08/01/2023
112,Mitchael,Baskeyfied,Spanish,mbaskeyfied33@icq.com,Male,193.36.247.27,20/07/2022
113,Giulia,Wooldridge,Indonesian,gwooldridge34@stanford.edu,Female,74.43.146.162,05/02/2023
114,Mada,Lampitt,Māori,mlampitt35@simplemachines.org,Female,146.71.241.18,17/12/2022
115,Niel,Margiotta,Lao,nmargiotta36@google.co.jp,Genderqueer,172.158.13.133,11/07/2022
116,Kym,Telfer,Norwegian,ktelfer37@japanpost.jp,Female,83.222.188.213,02/03/2023
117,Patrice,Castane,Hungarian,pcastane38@jugem.jp,Male,105.120.226.195,25/12/2022
118,Sebastian,Frodsam,Icelandic,sfrodsam39@netscape.com,Male,118.125.56.50,21/06/2023
119,Lisette,Sinclar,Latvian,lsinclar3a@berkeley.edu,Female,193.182.130.241,02/08/2022
120,Mireielle,Moverley,Chinese,mmoverley3b@instagram.com,Female,197.138.9.32,11/03/2023
121,Vanna,Gittus,Tetum,vgittus3c@whitehouse.gov,Female,141.20.77.146,19/09/2022
122,Mariana,Kubica,Hebrew,mkubica3d@techcrunch.com,Polygender,180.110.120.248,29/07/2022
123,Billie,Lassell,Yiddish,blassell3e@nifty.com,Male,63.252.243.179,31/03/2023
124,Kimberli,Jouanet,Swati,kjouanet3f@reverbnation.com,Female,19.19.16.118,23/03/2023
125,Laverna,Bloxholm,Assamese,lbloxholm3g@amazon.com,Female,225.38.69.192,26/06/2023
126,Moshe,Klimsch,Quechua,mklimsch3h@marketwatch.com,Male,76.48.43.60,09/11/2022
127,Clarinda,Boxer,Kazakh,cboxer3i@creativecommons.org,Female,149.211.182.10,12/07/2022
128,Arin,Hadfield,Albanian,ahadfield3j@csmonitor.com,Male,132.185.126.97,24/09/2022
129,Hanson,Luquet,Telugu,hluquet3k@prlog.org,Male,21.214.82.69,20/03/2023
130,Tova,Eberts,Aymara,teberts3l@de.vu,Female,64.228.0.73,11/03/2023
131,Quinn,Andreacci,Danish,qandreacci3m@dion.ne.jp,Female,62.157.207.165,27/04/2023
132,Ashli,Kinch,Haitian Creole,akinch3n@un.org,Female,182.195.202.62,17/08/2022
133,Carlyle,Rubinchik,Estonian,crubinchik3o@wikipedia.org,Male,9.67.110.250,31/01/2023
134,Munroe,Torn,Zulu,mtorn3p@npr.org,Male,232.99.216.177,03/08/2022
135,Onida,Stocks,Polish,ostocks3q@prnewswire.com,Female,193.244.249.48,15/04/2023
136,Modesta,Luker,Dhivehi,mluker3r@sphinn.com,Female,17.132.128.113,13/08/2022
137,Maxie,MacDearmid,Tsonga,mmacdearmid3s@scientificamerican.com,Male,252.180.104.197,05/08/2022
138,Lothaire,Doughton,Persian,ldoughton3t@networksolutions.com,Male,80.201.101.95,24/10/2022
139,Nicol,Edinburgh,English,nedinburgh3u@gov.uk,Female,54.157.169.44,14/02/2023
140,Ricca,Jandera,Malagasy,rjandera3v@g.co,Female,60.21.43.115,10/11/2022
141,Pete,Tatem,Moldovan,ptatem3w@list-manage.com,Male,189.231.168.99,30/08/2022
142,Any,Fulun,Tok Pisin,afulun3x@sfgate.com,Bigender,163.143.125.229,21/08/2022
143,Cully,Ifill,Thai,cifill3y@hud.gov,Male,122.1.185.101,15/01/2023
144,Kittie,Nisard,Ndebele,knisard3z@ifeng.com,Female,174.157.218.91,01/03/2023
145,Isaak,Yantsev,Romanian,iyantsev40@moonfruit.com,Male,20.33.130.111,31/12/2022
146,Fielding,Philimore,Lithuanian,fphilimore41@domainmarket.com,Male,142.111.179.75,11/06/2023
147,Ellynn,Ketchaside,Guaraní,eketchaside42@wsj.com,Female,57.29.92.116,13/04/2023
148,Vale,Colleford,Malayalam,,Male,97.149.31.150,04/11/2022
149,Karrah,Horsley,Moldovan,khorsley44@xing.com,Female,148.236.31.12,28/02/2023
150,Meier,Goldsbury,Tok Pisin,mgoldsbury45@washingtonpost.com,Male,98.154.238.249,26/01/2023
151,Melodee,Kuschek,Dhivehi,mkuschek46@mlb.com,Female,201.173.27.224,16/01/2023
152,Cloris,Wickman,Persian,cwickman47@yolasite.com,Female,154.58.127.211,25/09/2022
153,Brittni,Ager,Spanish,bager48@miitbeian.gov.cn,Non-binary,18.34.115.146,22/10/2022
154,Kipp,Jeffcoat,Hungarian,kjeffcoat49@weibo.com,Male,167.214.205.40,21/03/2023
155,Cirillo,Kliemchen,Persian,ckliemchen4a@fda.gov,Male,46.147.19.22,25/04/2023
156,Bridget,Audsley,Hungarian,baudsley4b@google.co.jp,Female,99.19.149.158,16/06/2023
157,Lorry,Osbidston,Māori,losbidston4c@pagesperso-orange.fr,Male,24.123.106.138,25/02/2023
158,Roderic,Bridgnell,Maltese,rbridgnell4d@theatlantic.com,Male,67.227.240.68,20/07/2022
159,Wynny,Saville,Aymara,wsaville4e@so-net.ne.jp,Female,180.241.162.78,05/05/2023
160,Winn,Sivill,Afrikaans,wsivill4f@cbslocal.com,Male,22.45.97.172,05/03/2023
161,Julee,Casarili,Hiri Motu,jcasarili4g@xrea.com,Genderqueer,71.226.7.152,28/05/2023
162,Sumner,Fairrie,Portuguese,sfairrie4h@dmoz.org,Male,216.115.73.101,24/04/2023
163,Gaston,Morriss,Oriya,gmorriss4i@altervista.org,Male,22.80.128.107,28/01/2023
164,Roseanna,Virgoe,Arabic,rvirgoe4j@clickbank.net,Female,168.136.223.229,17/02/2023
165,Karlan,Meran,Croatian,kmeran4k@marketwatch.com,Male,112.75.111.203,18/05/2023
166,Alfonso,Muncaster,Khmer,amuncaster4l@godaddy.com,Male,128.239.179.66,31/05/2023
167,Irwinn,Kittow,Luxembourgish,ikittow4m@youtu.be,Male,210.41.105.143,30/10/2022
168,Gaspard,Kem,Portuguese,gkem4n@stanford.edu,Male,52.21.145.31,21/10/2022
169,Drew,Acton,Haitian Creole,dacton4o@youtu.be,Male,23.7.195.195,06/07/2022
170,Yehudi,Denham,Haitian Creole,ydenham4p@xinhuanet.com,Male,84.9.7.208,24/11/2022
171,Justino,Moulin,Chinese,jmoulin4q@etsy.com,Male,174.91.125.243,30/04/2023
172,Adan,Chorlton,Hungarian,achorlton4r@pcworld.com,Female,98.244.150.86,06/06/2023
173,Teddie,Burstowe,Tetum,,Female,184.251.156.227,22/04/2023
174,Callie,Smedmore,Hiri Motu,csmedmore4t@omniture.com,Female,187.249.191.171,20/09/2022
175,Davis,Utton,Dutch,dutton4u@fastcompany.com,Male,106.212.37.15,22/01/2023
176,Marissa,Oakenfall,Tswana,moakenfall4v@forbes.com,Female,63.89.44.51,15/12/2022
177,Loutitia,Billiard,Tamil,lbilliard4w@latimes.com,Female,133.246.104.13,31/07/2022
178,Margarethe,Lawling,Burmese,mlawling4x@deliciousdays.com,Female,189.100.119.78,30/09/2022
179,Rudyard,Westmoreland,Dutch,rwestmoreland4y@unblog.fr,Male,115.146.149.184,18/12/2022
180,Damita,Barr,Khmer,dbarr4z@reverbnation.com,Female,78.119.14.64,12/10/2022
181,Holmes,Gaitskell,Portuguese,hgaitskell50@senate.gov,Male,25.151.61.119,18/09/2022
182,Adan,Faulkes,Quechua,afaulkes51@wordpress.org,Female,122.153.203.123,17/01/2023
183,Kendra,Dzenisenka,Greek,kdzenisenka52@cbslocal.com,Female,58.98.76.181,03/04/2023
184,Enrika,Rennebeck,Papiamento,erennebeck53@disqus.com,Female,86.246.134.186,07/02/2023
185,Hubey,Bonhomme,Yiddish,hbonhomme54@jiathis.com,Male,245.166.78.94,29/07/2022
186,Modestia,Mattes,Bosnian,mmattes55@unblog.fr,Female,11.141.165.3,26/03/2023
187,Cory,Puttan,Afrikaans,cputtan56@va.gov,Male,230.154.123.120,05/10/2022
188,Ferdinand,Dury,Filipino,fdury57@networksolutions.com,Male,207.88.34.165,23/05/2023
189,Felipe,Schroeder,Spanish,fschroeder58@army.mil,Male,229.15.254.28,06/10/2022
190,Roi,Alster,Bosnian,ralster59@smh.com.au,Male,134.23.11.155,10/10/2022
191,Idalia,Geall,Aymara,igeall5a@cisco.com,Female,171.155.231.51,30/05/2023
192,Gianna,Attewell,Kyrgyz,gattewell5b@issuu.com,Female,143.185.161.186,23/06/2023
193,Ellwood,Le Brun,Afrikaans,elebrun5c@infoseek.co.jp,Male,234.164.169.152,29/12/2022
194,Mandy,Persicke,Estonian,,Female,104.15.190.139,17/10/2022
195,Jewell,Kuhwald,Montenegrin,jkuhwald5e@so-net.ne.jp,Female,191.5.165.193,01/08/2022
196,Erie,Gendricke,Malay,,Male,162.148.26.247,29/10/2022
197,Adelheid,Donson,Azeri,adonson5g@themeforest.net,Genderfluid,117.27.42.64,06/06/2023
198,Douglas,MacRierie,Bosnian,dmacrierie5h@npr.org,Male,136.220.169.229,09/06/2023
199,Neill,Purslow,Gujarati,npurslow5i@macromedia.com,Male,97.82.209.228,06/09/2022
200,Vinny,Pardoe,Dari,vpardoe5j@cmu.edu,Female,196.182.180.113,14/08/2022
201,Bobbie,Grunder,Polish,bgrunder5k@upenn.edu,Male,34.218.120.186,14/04/2023
202,Porter,Colquit,Romanian,pcolquit5l@paypal.com,Male,103.78.197.148,14/02/2023
203,Etan,Arrowsmith,Moldovan,earrowsmith5m@reuters.com,Male,155.82.3.176,08/01/2023
204,Fairlie,Walding,Sotho,fwalding5n@stumbleupon.com,Male,4.89.114.38,23/08/2022
205,Dalt,Whittier,Georgian,dwhittier5o@shop-pro.jp,Polygender,173.129.46.84,07/01/2023
206,Jo,Acom,Papiamento,jacom5p@webnode.com,Female,225.148.18.85,29/01/2023
207,Ennis,Gerty,Dzongkha,egerty5q@ucsd.edu,Male,245.131.241.224,17/02/2023
208,Ginevra,Levicount,Montenegrin,glevicount5r@phoca.cz,Female,201.61.45.167,11/06/2023
209,Gabriellia,Titterrell,Indonesian,gtitterrell5s@chronoengine.com,Female,181.19.187.187,26/05/2023
210,Clair,Karolewski,Malagasy,ckarolewski5t@mail.ru,Genderfluid,74.230.178.137,06/12/2022
211,Babbie,Roset,Thai,broset5u@boston.com,Female,198.93.105.47,31/07/2022
212,Nannette,Piggens,Montenegrin,npiggens5v@ehow.com,Female,218.134.248.94,23/10/2022
213,Karrie,Phelipeau,Burmese,kphelipeau5w@tinypic.com,Female,62.244.102.76,07/12/2022
214,Hillard,Sowrey,Romanian,hsowrey5x@cargocollective.com,Male,228.55.110.30,25/03/2023
215,Domeniga,Deaves,Haitian Creole,ddeaves5y@state.tx.us,Female,84.167.81.70,26/02/2023
216,Coletta,Monkhouse,Hiri Motu,cmonkhouse5z@washington.edu,Female,173.13.127.94,13/11/2022
217,Elfreda,Trewett,Zulu,etrewett60@soup.io,Female,129.253.179.237,11/10/2022
218,Melvin,Kenshole,Kyrgyz,mkenshole61@narod.ru,Male,32.139.212.59,09/02/2023
219,Gerrie,Rouff,Kannada,grouff62@furl.net,Female,162.122.235.88,09/06/2023
220,Tandi,Linley,Haitian Creole,tlinley63@seattletimes.com,Female,235.27.33.234,30/10/2022
221,Gonzales,Schoenleiter,Tswana,gschoenleiter64@usa.gov,Male,72.162.160.175,11/05/2023
222,Curcio,Attersoll,Icelandic,cattersoll65@house.gov,Male,37.225.183.183,23/06/2023
223,Cobb,Jeffs,Hiri Motu,cjeffs66@imgur.com,Male,42.102.31.142,26/01/2023
224,Todd,Dike,West Frisian,tdike67@uiuc.edu,Male,221.219.149.233,06/10/2022
225,Sally,Doulton,Portuguese,sdoulton68@google.ru,Female,208.52.136.58,31/05/2023
226,Nannette,Jovasevic,Swedish,njovasevic69@shutterfly.com,Female,134.160.94.165,19/12/2022
227,Bobbie,Catterill,Burmese,bcatterill6a@vinaora.com,Female,220.95.83.254,08/07/2022
228,Charlton,Feedome,Czech,cfeedome6b@tripod.com,Male,224.238.255.40,22/07/2022
229,Freddie,Tolworth,Gagauz,ftolworth6c@creativecommons.org,Female,190.219.26.183,14/07/2022
230,Robby,Booton,Norwegian,rbooton6d@wikia.com,Male,225.102.116.183,24/06/2023
231,Blinnie,Harrowsmith,Macedonian,bharrowsmith6e@comcast.net,Female,182.22.88.157,15/07/2022
232,Gabby,Fancet,Bulgarian,gfancet6f@hugedomains.com,Male,86.62.110.71,24/08/2022
233,Sissie,Wogdon,Bengali,swogdon6g@ftc.gov,Female,152.120.133.12,07/02/2023
234,Kristofer,Attoc,Finnish,kattoc6h@dedecms.com,Bigender,74.88.236.12,03/05/2023
235,Deonne,Taffs,Albanian,dtaffs6i@macromedia.com,Female,155.114.67.135,17/01/2023
236,Richmound,Bakesef,Tamil,rbakesef6j@trellian.com,Male,160.235.44.121,17/11/2022
237,Jayme,Lammiman,Icelandic,jlammiman6k@barnesandnoble.com,Female,202.197.47.103,23/05/2023
238,Oralia,Abdey,Tsonga,oabdey6l@wufoo.com,Female,82.76.130.62,23/10/2022
239,Iolanthe,Seth,Kurdish,,Female,198.133.252.16,30/06/2022
240,Brandon,Shakeshaft,New Zealand Sign Language,bshakeshaft6n@slideshare.net,Male,158.185.113.227,28/08/2022
241,Sisile,Lauridsen,Ndebele,slauridsen6o@gizmodo.com,Female,207.24.213.237,02/05/2023
242,David,Le Clercq,Tok Pisin,dleclercq6p@rakuten.co.jp,Male,194.245.134.185,18/03/2023
243,Eleonora,Frohock,Zulu,efrohock6q@sakura.ne.jp,Female,133.118.89.212,25/12/2022
244,Normie,Benet,Spanish,nbenet6r@ted.com,Male,30.231.132.39,13/12/2022
245,Berenice,Stannering,Albanian,bstannering6s@icq.com,Polygender,123.97.16.13,15/02/2023
246,Sibbie,Hearsey,Tok Pisin,shearsey6t@forbes.com,Female,215.16.143.131,20/07/2022
247,Trey,Gorsse,French,tgorsse6u@behance.net,Male,240.201.241.50,16/12/2022
248,Konstanze,Minter,Afrikaans,kminter6v@e-recht24.de,Female,74.106.132.117,27/04/2023
249,Haskel,Hackwell,Haitian Creole,hhackwell6w@senate.gov,Male,32.61.185.106,04/08/2022
250,Templeton,Gammett,Icelandic,tgammett6x@google.nl,Male,118.234.54.10,15/08/2022
251,Buddie,Snell,Haitian Creole,bsnell6y@livejournal.com,Male,163.38.160.135,15/08/2022
252,Giulia,Dhennin,Amharic,gdhennin6z@uol.com.br,Female,216.162.15.145,27/09/2022
253,Conny,Heinrich,New Zealand Sign Language,,Male,114.249.217.27,19/04/2023
254,Wilfrid,Bayns,Hungarian,wbayns71@nationalgeographic.com,Male,97.69.168.50,27/01/2023
255,Nichol,Finlater,Swati,nfinlater72@netvibes.com,Agender,16.214.206.35,09/11/2022
256,Elizabeth,MacDuff,Azeri,emacduff73@who.int,Female,82.171.99.11,26/09/2022
257,Van,Dubery,Guaraní,vdubery74@tripadvisor.com,Male,129.248.81.54,21/11/2022
258,Crystal,Hoston,Latvian,choston75@tmall.com,Female,117.66.118.41,19/04/2023
259,Elva,Riddock,Moldovan,eriddock76@ebay.co.uk,Genderfluid,95.218.238.246,29/03/2023
260,Enrichetta,Troppmann,Hungarian,,Female,75.189.71.179,10/04/2023
261,Enos,Abbis,Czech,eabbis78@csmonitor.com,Male,77.122.35.164,03/12/2022
262,Paddy,Goodby,Romanian,pgoodby79@wired.com,Male,210.30.42.25,10/10/2022
263,King,Gotthard.sf,Swedish,kgotthardsf7a@va.gov,Male,143.46.87.74,14/02/2023
264,Kandy,Ainslie,Khmer,kainslie7b@digg.com,Female,73.236.24.229,23/11/2022
265,Pia,McSparran,Oriya,pmcsparran7c@un.org,Female,222.153.121.145,25/12/2022
266,Christye,Collar,Tsonga,ccollar7d@sitemeter.com,Female,90.175.85.209,22/01/2023
267,Chevy,McQuin,Korean,cmcquin7e@blinklist.com,Male,250.213.11.202,11/01/2023
268,Nicola,Strong,Luxembourgish,nstrong7f@alibaba.com,Female,114.142.21.50,31/12/2022
269,Olwen,Bountiff,Tamil,obountiff7g@chron.com,Agender,26.95.243.40,06/12/2022
270,Arlina,McKinney,Hiri Motu,amckinney7h@wikimedia.org,Female,71.207.178.175,10/05/2023
271,Laverna,Karadzas,Portuguese,lkaradzas7i@google.fr,Female,64.204.65.111,29/09/2022
272,Arvie,Perkinson,Kannada,aperkinson7j@webnode.com,Male,0.242.75.23,19/02/2023
273,Tallie,McRae,Czech,tmcrae7k@gmpg.org,Male,182.93.134.5,24/09/2022
274,Paige,Flohard,Bosnian,pflohard7l@sciencedirect.com,Male,163.240.158.189,18/12/2022
275,Othello,Bosket,Icelandic,obosket7m@wp.com,Male,219.210.43.230,12/08/2022
276,Ophelia,Bredgeland,Hindi,obredgeland7n@cornell.edu,Female,5.251.51.199,19/01/2023
277,Junia,Thomkins,Dzongkha,jthomkins7o@webmd.com,Bigender,243.12.48.41,01/08/2022
278,Shena,Josskoviz,Lithuanian,sjosskoviz7p@friendfeed.com,Agender,211.8.60.227,09/02/2023
279,Dilly,Renfield,Burmese,drenfield7q@dropbox.com,Male,198.250.199.69,30/05/2023
280,Marrilee,Bernardotti,Czech,,Female,197.229.160.48,27/08/2022
281,Bogart,Ingerfield,Arabic,bingerfield7s@cbc.ca,Male,63.78.93.81,01/07/2022
282,Rossie,Cano,Persian,rcano7t@ocn.ne.jp,Male,133.68.14.121,06/09/2022
283,Burt,Quaintance,Tamil,bquaintance7u@mozilla.org,Male,48.2.90.93,29/11/2022
284,Aubrie,Westhead,Fijian,awesthead7v@columbia.edu,Female,55.42.108.15,26/03/2023
285,Merrilee,Puller,Norwegian,mpuller7w@goo.gl,Female,73.168.193.58,06/10/2022
286,Remy,Zealy,Tok Pisin,rzealy7x@umich.edu,Female,196.191.52.187,05/01/2023
287,Benyamin,Honnan,Kazakh,bhonnan7y@examiner.com,Male,214.250.160.227,05/11/2022
288,Suzie,Walkden,Norwegian,swalkden7z@theguardian.com,Female,218.104.249.236,26/09/2022
289,Myrvyn,Blockwell,Latvian,mblockwell80@cam.ac.uk,Male,48.71.234.131,11/03/2023
290,Glennie,Cawkill,Thai,gcawkill81@yellowpages.com,Female,139.38.58.237,20/11/2022
291,Gerik,Dowsey,Estonian,gdowsey82@is.gd,Male,236.242.39.247,02/10/2022
292,Maria,Luetchford,Bulgarian,mluetchford83@youtu.be,Female,32.192.62.227,06/11/2022
293,Brenna,Hukin,Swahili,bhukin84@instagram.com,Female,247.118.71.31,03/06/2023
294,Franzen,Braams,Māori,fbraams85@weebly.com,Male,59.227.28.73,05/01/2023
295,Maxi,Bull,Irish Gaelic,mbull86@msu.edu,Female,76.202.47.249,21/09/2022
296,Brice,Arnoll,Khmer,,Male,168.220.199.22,18/06/2023
297,Eugenio,Peile,Marathi,epeile88@scribd.com,Male,208.255.141.250,24/01/2023
298,Hewie,Dinsey,Armenian,,Male,121.44.50.128,13/06/2023
299,Crissie,Bearcock,Estonian,cbearcock8a@timesonline.co.uk,Female,76.39.22.93,28/05/2023
300,Kilian,Dunlea,English,kdunlea8b@mysql.com,Male,99.213.203.33,11/04/2023
301,Sonnie,Gretham,Latvian,sgretham8c@barnesandnoble.com,Male,239.31.167.235,01/01/2023
302,Hildy,Guise,Swahili,hguise8d@purevolume.com,Female,4.191.79.40,04/06/2023
303,Judon,Sprason,West Frisian,jsprason8e@senate.gov,Male,224.161.100.220,12/11/2022
304,Del,Howler,Dari,dhowler8f@ifeng.com,Male,38.30.190.182,13/01/2023
305,Major,Darleston,Chinese,mdarleston8g@state.tx.us,Male,226.109.50.224,25/01/2023
306,Constantine,Pimbley,Chinese,cpimbley8h@msn.com,Male,86.87.210.19,21/08/2022
307,Vivie,Hatchman,Oriya,vhatchman8i@ning.com,Female,146.230.52.255,14/08/2022
308,Randy,Eade,Dutch,reade8j@tumblr.com,Male,10.141.35.131,27/03/2023
309,Merrill,Eastham,Italian,meastham8k@hhs.gov,Male,51.247.82.141,18/06/2023
310,Murielle,Marioneau,Italian,mmarioneau8l@ustream.tv,Female,237.189.44.67,22/07/2022
311,Mabel,Gowers,Dutch,mgowers8m@privacy.gov.au,Female,191.119.142.117,30/04/2023
312,Archie,Fountian,Arabic,afountian8n@telegraph.co.uk,Male,60.4.119.185,13/03/2023
313,Tobe,Pallent,Romanian,tpallent8o@bloomberg.com,Male,203.3.168.59,21/12/2022
314,Tiffany,Brise,Catalan,tbrise8p@angelfire.com,Bigender,13.90.222.148,18/03/2023
315,Ingelbert,Watkiss,Kashmiri,iwatkiss8q@upenn.edu,Male,38.251.113.8,15/06/2023
316,Sonya,Hartburn,Polish,,Female,86.43.49.172,20/11/2022
317,Klarrisa,Raoux,Catalan,kraoux8s@admin.ch,Female,138.67.244.115,14/06/2023
318,Carree,Accum,Azeri,caccum8t@artisteer.com,Female,17.157.237.209,18/10/2022
319,Korrie,Bulloch,Haitian Creole,kbulloch8u@posterous.com,Female,103.51.129.217,22/01/2023
320,Honor,Aubrun,Kyrgyz,haubrun8v@imgur.com,Bigender,29.179.104.61,07/02/2023
321,Madalyn,Gisbye,Amharic,mgisbye8w@bravesites.com,Agender,125.198.170.99,16/10/2022
322,Esther,Chretien,French,echretien8x@independent.co.uk,Female,250.177.77.8,06/06/2023
323,Tedmund,Montel,Malagasy,tmontel8y@ft.com,Male,151.221.52.46,26/09/2022
324,Diane-marie,Roeby,Icelandic,droeby8z@scribd.com,Female,110.91.197.207,14/08/2022
325,Brandea,Dalligan,Punjabi,bdalligan90@google.pl,Female,63.168.19.211,20/06/2023
326,Sibel,Oddy,Yiddish,soddy91@mit.edu,Female,242.90.13.70,13/08/2022
327,Jaime,Drewell,Hungarian,jdrewell92@si.edu,Female,224.254.27.133,27/11/2022
328,North,Leyre,Tajik,nleyre93@squarespace.com,Male,195.109.93.10,14/08/2022
329,Wyndham,Pirkis,Kazakh,wpirkis94@nih.gov,Male,108.8.221.233,27/02/2023
330,Flory,Kealy,Bosnian,fkealy95@biglobe.ne.jp,Female,59.22.226.234,27/06/2022
331,Marlin,Dyshart,Albanian,mdyshart96@ox.ac.uk,Male,240.67.186.5,25/04/2023
332,Fay,Heddon,Finnish,fheddon97@google.ca,Female,186.75.73.214,09/03/2023
333,Blaine,Bogace,Bengali,bbogace98@guardian.co.uk,Agender,77.184.43.229,24/03/2023
334,Ogdon,Kerridge,New Zealand Sign Language,okerridge99@jimdo.com,Male,42.187.18.189,27/06/2022
335,Ozzie,Guillford,Hiri Motu,oguillford9a@networkadvertising.org,Male,63.245.174.58,30/03/2023
336,Aldwin,Rathbourne,Quechua,arathbourne9b@washingtonpost.com,Male,74.239.207.144,24/01/2023
337,Faye,Chatainier,Danish,fchatainier9c@statcounter.com,Agender,145.17.74.233,15/06/2023
338,Darn,Belin,Indonesian,dbelin9d@ebay.co.uk,Male,150.0.208.115,14/03/2023
339,Nannie,Sansum,Hebrew,nsansum9e@oakley.com,Female,226.185.203.1,22/03/2023
340,Tara,Braunstein,Danish,tbraunstein9f@cbsnews.com,Female,61.12.136.20,30/04/2023
341,Jillana,Itzkowicz,Hiri Motu,jitzkowicz9g@forbes.com,Agender,231.252.148.12,13/05/2023
342,Giacopo,Birdwistle,Malayalam,gbirdwistle9h@dmoz.org,Male,57.196.54.17,13/07/2022
343,Rickie,Todari,Filipino,rtodari9i@lulu.com,Male,12.173.118.14,24/05/2023
344,Allene,Rodwell,Hungarian,,Female,156.77.44.3,10/06/2023
345,Dorie,Pick,Hindi,dpick9k@ehow.com,Male,243.214.244.153,23/02/2023
346,Anette,Barbie,Punjabi,abarbie9l@spiegel.de,Female,59.218.71.148,01/12/2022
347,Sayer,Broadwell,Estonian,sbroadwell9m@unicef.org,Male,63.92.57.8,16/11/2022
348,Ariel,Trevorrow,Georgian,atrevorrow9n@tmall.com,Male,47.161.120.176,15/10/2022
349,Ketty,Plampin,Bosnian,kplampin9o@wisc.edu,Female,233.129.220.97,07/01/2023
350,Adaline,Dring,Burmese,adring9p@illinois.edu,Female,56.62.66.37,14/05/2023
351,Krissie,Lowdeane,Amharic,klowdeane9q@wsj.com,Female,207.189.141.79,22/01/2023
352,Seline,Bernhard,Dzongkha,sbernhard9r@list-manage.com,Female,208.177.197.153,28/02/2023
353,Olly,Morland,Spanish,omorland9s@dailymail.co.uk,Female,50.177.205.187,22/03/2023
354,Jarrett,Heavyside,Mongolian,jheavyside9t@army.mil,Male,219.197.34.126,18/07/2022
355,Shirleen,Gabitis,Ndebele,sgabitis9u@unicef.org,Female,84.14.161.120,04/04/2023
356,Kamila,Wharton,Korean,kwharton9v@t.co,Female,3.235.170.63,26/06/2023
357,Dory,Seage,Afrikaans,dseage9w@networksolutions.com,Male,204.119.42.63,21/01/2023
358,Collette,Oleszczak,New Zealand Sign Language,coleszczak9x@51.la,Female,119.155.188.163,29/03/2023
359,Cherianne,Rubinlicht,New Zealand Sign Language,crubinlicht9y@jugem.jp,Polygender,32.170.166.104,09/10/2022
360,Marcile,Aggott,Dhivehi,maggott9z@telegraph.co.uk,Female,84.155.227.150,23/05/2023
361,Farris,Persehouse,Dari,fpersehousea0@rambler.ru,Male,195.23.35.197,28/08/2022
362,Laney,Geddis,Assamese,lgeddisa1@theatlantic.com,Male,125.13.231.121,21/06/2023
363,Daisie,Robertot,Bosnian,drobertota2@ted.com,Female,148.7.172.125,22/03/2023
364,Sula,Brooksby,Tetum,sbrooksbya3@flickr.com,Female,111.6.247.23,30/04/2023
365,Linnea,Iori,Polish,lioria4@sphinn.com,Female,79.61.120.245,21/11/2022
366,Raddie,Roobottom,Somali,rroobottoma5@google.nl,Male,66.183.35.82,16/07/2022
367,Jo-ann,Ogborn,Pashto,jogborna6@epa.gov,Female,56.132.33.34,05/04/2023
368,Kamilah,Goodliffe,Luxembourgish,kgoodliffea7@webmd.com,Female,71.6.88.51,27/11/2022
369,Henriette,Petroulis,Norwegian,hpetroulisa8@google.ru,Female,68.24.96.75,09/09/2022
370,Grenville,Stowers,Danish,gstowersa9@patch.com,Male,58.227.35.255,16/05/2023
371,Linnell,Fanner,Romanian,lfanneraa@nymag.com,Female,214.133.32.149,24/11/2022
372,Derk,Hayball,Greek,dhayballab@addthis.com,Male,121.118.174.231,26/10/2022
373,Coop,Ferrillo,German,cferrilloac@seesaa.net,Male,239.112.203.201,08/04/2023
374,Frederic,Ahren,Portuguese,fahrenad@cloudflare.com,Male,93.175.116.253,14/08/2022
375,Cherye,Bartke,Kurdish,cbartkeae@51.la,Female,236.96.219.61,24/02/2023
376,Mar,Pearlman,Greek,mpearlmanaf@last.fm,Male,28.62.112.223,22/03/2023
377,Ray,Baudin,Dzongkha,rbaudinag@wordpress.org,Female,126.194.222.51,19/02/2023
378,Wylie,Penwell,Czech,wpenwellah@goo.gl,Male,236.28.133.54,24/01/2023
379,Kevina,Rome,Kannada,kromeai@gmpg.org,Female,197.171.178.207,07/09/2022
380,Twyla,Hamments,Swedish,thammentsaj@microsoft.com,Female,157.161.97.76,11/02/2023
381,Carry,Renihan,Hiri Motu,crenihanak@illinois.edu,Bigender,19.150.22.227,28/03/2023
382,Salaidh,Gabbat,Mongolian,,Genderfluid,38.107.97.37,01/11/2022
383,Miof mela,Bilbey,Irish Gaelic,mbilbeyam@cornell.edu,Female,8.138.48.88,25/08/2022
384,Erda,Huson,Malay,ehusonan@sitemeter.com,Female,245.102.165.72,03/02/2023
385,Merridie,Faunch,Fijian,mfaunchao@altervista.org,Female,151.203.12.85,31/03/2023
386,Mehetabel,Wallhead,Lithuanian,mwallheadap@psu.edu,Non-binary,195.237.218.64,22/11/2022
387,Boonie,Tolwood,Marathi,,Male,29.186.61.120,11/08/2022
388,Brad,Leband,Gujarati,blebandar@google.com,Male,56.245.233.33,15/10/2022
389,Chadd,Leeburne,Bosnian,cleeburneas@gnu.org,Male,15.46.209.200,26/05/2023
390,Vin,Caswill,Māori,vcaswillat@umich.edu,Female,213.205.171.232,24/05/2023
391,Lyn,Bwye,Arabic,lbwyeau@usda.gov,Female,236.25.206.139,16/02/2023
392,Teodora,Taw,Swati,ttawav@sciencedaily.com,Genderfluid,226.19.15.176,07/01/2023
393,Ase,Broschke,Polish,abroschkeaw@fastcompany.com,Male,156.67.179.144,12/06/2023
394,Delinda,Tideswell,Lao,dtideswellax@slideshare.net,Female,29.113.156.100,03/06/2023
395,Jasmine,Popping,Malagasy,jpoppingay@tripadvisor.com,Female,102.166.46.99,24/04/2023
396,Andres,Lodevick,Croatian,,Male,162.140.176.107,19/09/2022
397,Jervis,Marmon,Sotho,jmarmonb0@soup.io,Male,223.4.19.177,12/08/2022
398,Myranda,Kendell,Danish,mkendellb1@mashable.com,Non-binary,68.195.77.244,08/04/2023
399,Cam,Tames,Maltese,ctamesb2@tiny.cc,Female,216.54.162.117,14/10/2022
400,Iorgo,Mordon,Quechua,imordonb3@typepad.com,Male,118.208.139.51,15/03/2023
401,Carson,Morena,Tok Pisin,,Male,251.139.124.207,21/06/2023
402,Berni,Chattock,Lao,bchattockb5@unc.edu,Female,237.226.170.235,14/11/2022
403,Mikkel,Henker,Catalan,mhenkerb6@illinois.edu,Male,223.3.2.51,13/12/2022
404,Mariya,Arnley,Pashto,marnleyb7@wp.com,Female,215.208.216.196,30/05/2023
405,Betta,Kinnear,Spanish,bkinnearb8@wikispaces.com,Female,19.154.162.246,26/11/2022
406,Griz,Attrill,Luxembourgish,gattrillb9@hc360.com,Male,62.141.237.239,01/06/2023
407,Karlie,Ronisch,Tsonga,kronischba@unblog.fr,Female,68.220.103.94,10/01/2023
408,Theressa,Kellart,Gujarati,tkellartbb@digg.com,Female,76.61.17.123,27/12/2022
409,Debee,Woolaghan,Telugu,dwoolaghanbc@eventbrite.com,Female,46.139.119.197,18/03/2023
410,Madelle,Sweeney,Kurdish,msweeneybd@harvard.edu,Female,39.124.29.133,17/06/2023
411,Perry,Commusso,Danish,pcommussobe@mapy.cz,Male,70.193.182.107,16/11/2022
412,Kathrine,Darleston,Mongolian,kdarlestonbf@businessinsider.com,Genderqueer,122.45.227.159,24/07/2022
413,Faye,Paulo,Belarusian,fpaulobg@dailymail.co.uk,Female,166.150.195.181,22/04/2023
414,Truman,Towne,Nepali,ttownebh@skyrock.com,Male,191.120.114.29,06/04/2023
415,Tades,Spoure,Albanian,tspourebi@jimdo.com,Male,222.168.94.84,08/10/2022
416,Channa,Cornewell,Bislama,ccornewellbj@patch.com,Female,227.0.180.244,25/10/2022
417,Christin,Lissaman,New Zealand Sign Language,clissamanbk@china.com.cn,Female,169.254.213.46,17/02/2023
418,Tommie,Patillo,Icelandic,tpatillobl@wufoo.com,Male,169.112.220.170,27/12/2022
419,Harald,Marsy,Bislama,hmarsybm@github.com,Male,151.59.83.60,03/07/2022
420,Thatcher,Crofts,Georgian,tcroftsbn@eepurl.com,Male,146.126.64.189,12/04/2023
421,Cassie,Helks,Croatian,chelksbo@istockphoto.com,Agender,35.35.73.210,06/04/2023
422,Bartlett,Arch,New Zealand Sign Language,barchbp@cocolog-nifty.com,Male,76.159.252.239,30/09/2022
423,Korney,Simchenko,Czech,ksimchenkobq@technorati.com,Female,154.68.46.85,22/02/2023
424,Dayna,Dahl,Dhivehi,ddahlbr@oracle.com,Female,128.131.33.184,26/02/2023
425,Stephie,Henriksson,Bulgarian,shenrikssonbs@squidoo.com,Female,196.113.242.2,24/04/2023
426,Hulda,Bucham,Yiddish,hbuchambt@networkadvertising.org,Female,14.155.107.94,03/08/2022
427,Elliot,Farish,Portuguese,efarishbu@jiathis.com,Male,185.188.197.80,13/02/2023
428,Celisse,Weond,Polish,cweondbv@nps.gov,Female,55.65.93.222,31/03/2023
429,Barn,Riches,Bengali,,Male,228.19.33.59,25/05/2023
430,Cooper,Ghent,Luxembourgish,cghentbx@yellowbook.com,Male,81.245.109.236,18/02/2023
431,Fremont,Tinklin,Chinese,ftinklinby@gmpg.org,Male,254.129.208.115,29/06/2022
432,Elias,Juares,Hiri Motu,ejuaresbz@wp.com,Male,123.170.42.159,18/05/2023
433,Dallon,Drexel,Maltese,ddrexelc0@epa.gov,Male,126.37.218.215,13/09/2022
434,Bald,Carillo,Gagauz,bcarilloc1@cocolog-nifty.com,Male,122.53.254.191,05/03/2023
435,Stinky,Meiningen,Zulu,smeiningenc2@liveinternet.ru,Male,121.22.237.252,17/05/2023
436,Tallie,Ridler,Papiamento,tridlerc3@dedecms.com,Male,229.30.50.76,20/12/2022
437,Ashlen,Ceresa,Somali,aceresac4@aol.com,Female,154.144.217.85,18/11/2022
438,Lenette,Mosconi,Punjabi,lmosconic5@squarespace.com,Female,143.176.96.15,12/09/2022
439,Vincent,Ivanaev,Afrikaans,vivanaevc6@google.es,Male,202.141.196.210,13/01/2023
440,Kahlil,Corsham,Albanian,kcorshamc7@tripod.com,Male,91.177.128.84,24/05/2023
441,Pace,Ollarenshaw,Sotho,pollarenshawc8@google.com.au,Male,110.93.29.237,12/04/2023
442,Michael,Ivison,Swedish,mivisonc9@forbes.com,Male,11.146.95.157,30/11/2022
443,Marshal,Dooley,Zulu,mdooleyca@pcworld.com,Male,67.246.44.98,25/03/2023
444,Bendix,McVey,Filipino,bmcveycb@samsung.com,Male,31.1.147.80,25/10/2022
445,Daren,Lackemann,Lao,dlackemanncc@github.com,Genderqueer,104.32.58.209,03/12/2022
446,Eldredge,D'Emanuele,Filipino,edemanuelecd@miitbeian.gov.cn,Genderfluid,170.99.62.202,10/12/2022
447,Yolane,Dytham,Aymara,ydythamce@nih.gov,Female,207.32.120.49,20/03/2023
448,Eve,Luther,Ndebele,eluthercf@sakura.ne.jp,Female,222.168.111.113,21/12/2022
449,Ellie,Lorenzo,Belarusian,elorenzocg@pagesperso-orange.fr,Genderfluid,64.116.155.129,04/11/2022
450,Ambrose,Thorsby,Tajik,athorsbych@toplist.cz,Male,67.250.118.1,21/05/2023
451,Bryce,Huison,Luxembourgish,bhuisonci@linkedin.com,Male,17.66.221.9,02/03/2023
452,Otis,Gilbert,Māori,,Male,253.52.73.105,29/09/2022
453,Milo,Longina,Afrikaans,mlonginack@example.com,Male,52.225.243.37,11/12/2022
454,Bab,Gulc,Irish Gaelic,bgulccl@buzzfeed.com,Female,195.6.124.0,06/08/2022
455,Brockie,Baddiley,Moldovan,bbaddileycm@desdev.cn,Male,15.26.144.217,23/01/2023
456,Minnaminnie,Gell,Indonesian,mgellcn@ebay.co.uk,Female,67.114.235.114,27/10/2022
457,Maryjo,Brezlaw,Malayalam,mbrezlawco@upenn.edu,Female,81.32.203.139,19/12/2022
458,Maryjane,Gregolotti,Norwegian,mgregolotticp@boston.com,Female,23.121.191.7,02/06/2023
459,Melisandra,O'Haire,Armenian,mohairecq@elpais.com,Female,227.243.60.100,06/09/2022
460,Ferdinande,McIlhone,Lithuanian,fmcilhonecr@desdev.cn,Bigender,220.98.46.201,26/12/2022
461,Aloin,Kinchlea,Luxembourgish,akinchleacs@psu.edu,Male,174.77.97.4,31/10/2022
462,Chico,Dougher,Japanese,,Male,114.153.106.144,09/07/2022
463,Thomasin,De Zamudio,Hindi,tdezamudiocu@feedburner.com,Female,126.141.110.190,28/05/2023
464,Adamo,Kurth,Malayalam,akurthcv@nationalgeographic.com,Agender,120.210.150.233,19/11/2022
465,Charlotta,Bonsey,Macedonian,cbonseycw@biblegateway.com,Female,73.197.251.165,28/08/2022
466,Emmie,Frosch,Bulgarian,efroschcx@archive.org,Female,9.70.5.196,12/11/2022
467,Rivi,Gervaise,Dari,rgervaisecy@zdnet.com,Female,202.240.79.60,22/01/2023
468,Raleigh,Tidcombe,Croatian,rtidcombecz@un.org,Male,116.71.50.195,05/04/2023
469,Jonathan,Jasiak,Malagasy,jjasiakd0@macromedia.com,Non-binary,54.141.249.171,22/10/2022
470,Thorvald,Murcutt,Montenegrin,tmurcuttd1@joomla.org,Male,89.116.5.106,27/11/2022
471,Sharia,Leere,Bosnian,,Female,189.143.180.192,25/04/2023
472,Josey,Schruyer,Swedish,jschruyerd3@independent.co.uk,Polygender,223.46.87.183,05/04/2023
473,Elane,Scurlock,Gujarati,escurlockd4@ftc.gov,Female,199.5.232.105,27/07/2022
474,Sinclare,MacGrath,Moldovan,smacgrathd5@about.me,Male,44.192.76.204,25/10/2022
475,Mattie,Savery,Kurdish,msaveryd6@google.nl,Male,112.47.231.117,03/05/2023
476,Hermy,Steptow,Lao,hsteptowd7@imageshack.us,Male,195.183.60.181,31/03/2023
477,Rickie,O'Doogan,Punjabi,rodoogand8@whitehouse.gov,Male,239.233.250.62,03/08/2022
478,Shayne,Schiementz,Haitian Creole,sschiementzd9@craigslist.org,Female,128.112.233.112,05/11/2022
479,Sibylla,Fannon,Zulu,sfannonda@google.co.uk,Female,216.224.84.215,18/11/2022
480,Kilian,Sherrin,Haitian Creole,ksherrindb@baidu.com,Male,233.46.182.209,11/01/2023
481,Tonie,Rishman,Kurdish,trishmandc@jimdo.com,Female,103.25.49.47,20/08/2022
482,Arielle,Poon,Albanian,apoondd@bbc.co.uk,Female,225.13.44.7,03/05/2023
483,Laurette,Budcock,Tetum,lbudcockde@princeton.edu,Female,121.240.48.151,28/02/2023
484,Engelbert,Jory,Haitian Creole,,Male,134.255.91.214,21/11/2022
485,Jourdain,Thies,Northern Sotho,jthiesdg@amazon.co.jp,Male,124.190.217.230,30/11/2022
486,Marcille,Summerbell,Malay,msummerbelldh@illinois.edu,Female,144.202.240.87,13/04/2023
487,Ailina,Bengefield,Kurdish,abengefielddi@blinklist.com,Female,138.239.64.234,27/12/2022
488,Lotte,Pointon,Dzongkha,lpointondj@ucla.edu,Female,35.234.96.252,15/03/2023
489,Baillie,Ludwig,Belarusian,bludwigdk@sfgate.com,Male,216.122.6.212,23/09/2022
490,Gerardo,Sands-Allan,West Frisian,gsandsallandl@freewebs.com,Male,209.119.170.244,18/02/2023
491,Domenic,Lyon,Czech,,Male,90.170.129.88,18/01/2023
492,Cherlyn,Durant,Georgian,cdurantdn@guardian.co.uk,Genderfluid,147.82.123.77,12/03/2023
493,Hester,Fallis,Dutch,hfallisdo@china.com.cn,Genderfluid,0.82.201.167,21/09/2022
494,Rustie,Clemendet,Kashmiri,rclemendetdp@imageshack.us,Male,125.243.176.123,17/04/2023
495,Wake,Kift,Zulu,wkiftdq@kickstarter.com,Male,217.162.133.72,08/08/2022
496,Morissa,Goford,Pashto,,Female,143.55.213.34,23/04/2023
497,Brnaba,Froude,Luxembourgish,bfroudeds@gizmodo.com,Male,199.46.201.0,15/10/2022
498,Melodee,Spittal,Azeri,mspittaldt@princeton.edu,Female,94.146.239.106,05/11/2022
499,Ulrick,McHaffy,Quechua,umchaffydu@state.gov,Male,196.13.32.174,17/07/2022
500,Ashlen,Gaskal,Dzongkha,agaskaldv@craigslist.org,Female,34.12.170.46,10/01/2023
501,Sherwood,Ollenbuttel,Gagauz,,Male,91.70.191.40,16/08/2022
502,Hillery,Hubbis,Gagauz,hhubbisdx@last.fm,Genderqueer,79.119.154.34,11/11/2022
503,Bealle,Dabs,Catalan,bdabsdy@state.gov,Male,118.149.29.148,12/11/2022
504,Germayne,Messenbird,Albanian,gmessenbirddz@miitbeian.gov.cn,Male,108.117.57.168,17/12/2022
505,Selestina,Hadwin,Khmer,shadwine0@sogou.com,Female,133.224.105.134,22/11/2022
506,Tiena,Cullabine,Croatian,tcullabinee1@github.com,Female,131.83.246.183,15/05/2023
507,Ebeneser,Pluthero,Maltese,eplutheroe2@netvibes.com,Male,218.156.134.138,25/08/2022
508,Phylis,Curry,Mongolian,pcurrye3@businessweek.com,Female,78.9.232.107,09/07/2022
509,Munmro,Pizey,Swati,mpizeye4@rediff.com,Male,148.166.86.45,20/06/2023
510,Randene,Frazer,Icelandic,rfrazere5@github.io,Genderfluid,174.201.113.0,04/03/2023
511,Jordon,Partlett,Polish,jpartlette6@yahoo.co.jp,Male,56.21.255.130,20/12/2022
512,Euell,M'Chirrie,Tajik,,Male,136.52.123.220,25/11/2022
513,Reese,McGairl,Northern Sotho,rmcgairle8@illinois.edu,Genderfluid,31.36.187.177,02/09/2022
514,Mitch,Constant,Kurdish,mconstante9@chron.com,Male,105.152.110.236,23/12/2022
515,Roddy,Giovanizio,Malay,rgiovanizioea@icio.us,Male,16.61.51.183,30/06/2022
516,Beckie,Ruddock,Korean,bruddockeb@newsvine.com,Polygender,163.158.236.163,07/11/2022
517,Mandy,Loosely,Fijian,,Female,226.53.210.112,28/02/2023
518,Garvey,Fransoni,Swahili,gfransonied@census.gov,Male,220.111.229.232,08/10/2022
519,Elset,Lightman,Swati,elightmanee@artisteer.com,Female,129.196.55.205,20/04/2023
520,Katharina,Beddard,Bosnian,kbeddardef@slate.com,Female,147.71.183.119,10/06/2023
521,Denna,Ors,Lithuanian,dorseg@goo.gl,Female,231.254.119.61,14/04/2023
522,Hagan,Todeo,Papiamento,htodeoeh@foxnews.com,Male,53.36.185.123,21/05/2023
523,Rennie,Sivorn,Persian,rsivornei@alibaba.com,Agender,25.78.183.184,25/07/2022
524,Alisha,Pizzie,Telugu,,Female,248.28.83.7,26/03/2023
525,Quinton,Ells,Tsonga,qellsek@naver.com,Male,188.176.110.129,17/09/2022
526,Cathrine,Gealle,Tetum,cgealleel@icio.us,Female,195.114.217.242,13/10/2022
527,Peter,Richin,Czech,prichinem@howstuffworks.com,Male,236.248.201.52,05/08/2022
528,Madeleine,Feldberg,Polish,mfeldbergen@over-blog.com,Female,215.40.199.239,27/06/2022
529,Helen,Runciman,Ndebele,hruncimaneo@networkadvertising.org,Female,109.61.182.192,22/05/2023
530,Quent,Thumnel,Spanish,qthumnelep@de.vu,Male,15.75.108.148,05/10/2022
531,Karylin,Honywill,Oriya,,Female,94.154.193.29,21/04/2023
532,Marcos,Stain,Mongolian,mstainer@flavors.me,Male,170.221.59.248,20/03/2023
533,Eliza,Pochin,Macedonian,epochines@abc.net.au,Agender,151.201.20.229,12/01/2023
534,Gavin,Teodoro,Czech,gteodoroet@exblog.jp,Male,12.83.239.241,21/08/2022
535,Dacey,Fawdery,Nepali,dfawderyeu@youku.com,Female,115.137.39.144,07/01/2023
536,Nial,Layhe,Somali,nlayheev@multiply.com,Male,92.57.173.112,19/07/2022
537,Romonda,Tunbridge,Finnish,rtunbridgeew@reddit.com,Female,240.19.85.187,09/04/2023
538,Kristen,Sone,Dutch,ksoneex@goo.ne.jp,Female,17.194.79.122,26/09/2022
539,Maurita,Shales,Hiri Motu,mshalesey@nymag.com,Female,239.181.53.113,03/10/2022
540,Farrel,Proudlock,Khmer,fproudlockez@theatlantic.com,Male,59.205.203.82,22/12/2022
541,Marius,Guslon,Swedish,mguslonf0@eepurl.com,Male,12.40.255.139,01/02/2023
542,Raimondo,MacMeanma,Fijian,rmacmeanmaf1@sitemeter.com,Male,178.52.184.229,12/01/2023
543,Jerrilyn,Christofor,Northern Sotho,jchristoforf2@time.com,Female,82.82.153.141,21/04/2023
544,Alina,Jephcote,Quechua,ajephcotef3@mediafire.com,Female,192.221.31.118,12/06/2023
545,Silvain,Bucher,Dari,sbucherf4@narod.ru,Male,154.236.167.55,28/04/2023
546,Brooks,Moir,Kyrgyz,bmoirf5@wikipedia.org,Female,93.86.178.225,09/05/2023
547,Koren,Swatheridge,Catalan,kswatheridgef6@goo.gl,Female,106.17.243.150,24/02/2023
548,Rivkah,Grout,Dhivehi,rgroutf7@blinklist.com,Female,22.10.84.207,01/01/2023
549,Ertha,Btham,Danish,ebthamf8@friendfeed.com,Female,231.12.67.60,24/07/2022
550,Abeu,Murtagh,Finnish,amurtaghf9@bing.com,Male,21.159.210.220,20/04/2023
551,Marijn,Friman,Croatian,mfrimanfa@shutterfly.com,Male,113.8.8.89,25/03/2023
552,Myra,While,Azeri,mwhilefb@weather.com,Genderqueer,234.132.222.61,21/05/2023
553,Eduino,O'Hartnedy,Nepali,eohartnedyfc@wordpress.com,Male,21.55.35.82,12/04/2023
554,Gwenni,Swyndley,Dhivehi,gswyndleyfd@unicef.org,Polygender,243.65.159.54,23/12/2022
555,Ase,Siaskowski,Afrikaans,asiaskowskife@51.la,Male,223.81.152.88,09/11/2022
556,Conrado,Benedicte,Marathi,cbenedicteff@blogtalkradio.com,Male,157.158.88.224,31/07/2022
557,Floris,Freebury,Oriya,,Female,215.151.191.96,08/03/2023
558,Conni,Knewstubb,Filipino,,Female,174.52.17.169,18/01/2023
559,Millicent,Rosenqvist,Kazakh,mrosenqvistfi@ow.ly,Female,12.128.151.62,16/03/2023
560,Traci,Raggett,Hungarian,traggettfj@istockphoto.com,Female,197.110.53.101,22/04/2023
561,Rriocard,Penas,Hebrew,rpenasfk@washington.edu,Male,7.239.95.97,22/08/2022
562,Allie,Gosby,Kyrgyz,agosbyfl@state.gov,Male,27.205.143.224,16/11/2022
563,Shannah,Huntress,Dari,shuntressfm@constantcontact.com,Female,2.129.202.66,25/06/2023
564,Kathrine,Snodin,Guaraní,ksnodinfn@cargocollective.com,Female,7.176.47.120,21/11/2022
565,Dorita,O'Keaveny,Korean,dokeavenyfo@techcrunch.com,Female,193.1.68.232,27/06/2022
566,Nadiya,Silvester,French,nsilvesterfp@nydailynews.com,Female,107.197.174.134,31/01/2023
567,Laraine,Mizen,Marathi,lmizenfq@msn.com,Female,171.219.217.0,10/02/2023
568,Marney,Almeida,Yiddish,,Female,49.173.124.240,14/02/2023
569,Louie,Dene,Armenian,ldenefs@cloudflare.com,Male,9.213.66.169,11/06/2023
570,Lovell,McIndrew,Finnish,lmcindrewft@ft.com,Male,241.96.153.16,07/08/2022
571,Verge,Harnwell,Maltese,vharnwellfu@ebay.com,Agender,178.68.194.239,30/01/2023
572,Rosalind,Soots,Malay,rsootsfv@newsvine.com,Female,179.73.208.169,16/09/2022
573,Kyle,Speck,Dutch,kspeckfw@biblegateway.com,Male,215.46.31.145,20/03/2023
574,Gaspard,Bott,Punjabi,gbottfx@ebay.co.uk,Male,158.78.255.99,17/05/2023
575,Moira,Doig,Greek,mdoigfy@google.de,Female,239.249.104.49,17/09/2022
576,Bobby,Daltry,Chinese,bdaltryfz@aol.com,Male,195.98.143.83,21/07/2022
577,Jewel,Itscowics,Catalan,jitscowicsg0@digg.com,Female,196.59.33.19,03/08/2022
578,Rozanne,Crofthwaite,Hiri Motu,rcrofthwaiteg1@nsw.gov.au,Female,25.111.180.253,02/01/2023
579,Donny,Milliken,Arabic,dmillikeng2@hibu.com,Genderqueer,174.66.50.174,28/05/2023
580,Eula,Bodemeaid,Luxembourgish,ebodemeaidg3@wikipedia.org,Bigender,8.240.170.189,14/07/2022
581,Bibbie,Engelbrecht,Greek,bengelbrechtg4@netlog.com,Genderfluid,165.112.34.33,24/10/2022
582,Chrysa,Leggott,Bosnian,cleggottg5@cargocollective.com,Female,148.14.134.210,04/06/2023
583,Thorvald,Dod,Luxembourgish,tdodg6@ox.ac.uk,Male,194.226.100.191,17/11/2022
584,Wallis,Lewsy,Hebrew,wlewsyg7@amazon.de,Female,23.171.30.204,15/11/2022
585,Huey,Raywood,Estonian,hraywoodg8@purevolume.com,Genderqueer,127.128.134.86,07/07/2022
586,Claudell,Asgodby,Tswana,casgodbyg9@economist.com,Male,69.47.132.6,28/08/2022
587,Collin,Tanman,German,,Male,194.248.162.192,18/01/2023
588,Mabel,Drage,Catalan,mdragegb@mysql.com,Female,228.80.115.153,29/09/2022
589,Vaughan,Muddiman,Maltese,vmuddimangc@mayoclinic.com,Male,252.235.73.68,20/12/2022
590,Winni,Bramble,Somali,wbramblegd@icq.com,Female,226.41.149.30,26/08/2022
591,Rebeca,McAusland,Malagasy,rmcauslandge@marriott.com,Polygender,21.60.119.108,21/10/2022
592,Nels,Wetherald,Albanian,nwetheraldgf@1688.com,Male,151.205.27.202,08/02/2023
593,Vina,Pendlebury,Moldovan,vpendleburygg@hhs.gov,Bigender,110.131.225.236,11/09/2022
594,Arly,Ripon,Danish,aripongh@fc2.com,Genderqueer,188.140.93.44,11/02/2023
595,Isidor,Downer,Spanish,,Male,7.125.45.71,13/10/2022
596,Onida,Fladgate,Belarusian,ofladgategj@usgs.gov,Female,179.179.161.111,26/07/2022
597,Virge,Dives,Portuguese,vdivesgk@wikimedia.org,Male,153.251.189.4,16/06/2023
598,Kelsey,Golborn,Dutch,kgolborngl@gravatar.com,Female,141.126.102.121,07/01/2023
599,Reed,Boxall,Malay,rboxallgm@weebly.com,Male,84.132.42.91,04/06/2023
600,Meris,Gookey,Hindi,mgookeygn@artisteer.com,Female,85.139.247.210,15/05/2023
601,Miltie,Andrzejczak,Irish Gaelic,mandrzejczakgo@time.com,Male,18.216.123.213,17/11/2022
602,Charo,Enrdigo,Tamil,cenrdigogp@ycombinator.com,Female,92.53.108.82,06/04/2023
603,Marley,L'Episcopio,Montenegrin,mlepiscopiogq@meetup.com,Female,126.70.238.253,12/02/2023
604,Leone,Scadden,Marathi,lscaddengr@taobao.com,Female,212.153.192.218,12/03/2023
605,Irvin,Harverson,Gujarati,iharversongs@imgur.com,Male,193.103.48.194,18/07/2022
606,Birgitta,Colbourne,Dutch,bcolbournegt@tiny.cc,Female,18.60.202.216,08/09/2022
607,Kimball,Schenfisch,Chinese,kschenfischgu@time.com,Male,76.5.162.247,24/06/2023
608,Hector,O'Dowd,Italian,hodowdgv@51.la,Male,201.227.19.0,22/11/2022
609,Marcelle,Jesteco,Somali,mjestecogw@ebay.co.uk,Female,247.185.45.75,15/10/2022
610,Gus,MacMichael,Amharic,gmacmichaelgx@barnesandnoble.com,Female,170.17.205.35,05/12/2022
611,Karoline,Maggiori,Greek,kmaggiorigy@nbcnews.com,Female,252.226.45.201,19/04/2023
612,Valentijn,Dumingo,Lithuanian,vdumingogz@shutterfly.com,Male,167.118.39.206,27/10/2022
613,Zachary,Bratley,Macedonian,zbratleyh0@macromedia.com,Male,39.131.18.189,05/10/2022
614,Boothe,Marke,Kurdish,bmarkeh1@businessinsider.com,Male,26.0.201.235,28/08/2022
615,Bertina,Kumar,Croatian,bkumarh2@timesonline.co.uk,Female,191.147.240.111,06/03/2023
616,Joscelin,Tomblett,Malagasy,jtombletth3@archive.org,Female,199.30.189.52,01/02/2023
617,Der,Lunbech,Norwegian,dlunbechh4@nyu.edu,Male,49.10.70.87,20/04/2023
618,Guido,Huckell,Finnish,ghuckellh5@sitemeter.com,Male,73.42.249.171,02/01/2023
619,Corrine,Overnell,Arabic,covernellh6@goo.ne.jp,Female,136.76.233.133,03/03/2023
620,Peirce,Philliphs,Danish,pphilliphsh7@alexa.com,Male,105.113.179.92,13/06/2023
621,Denice,Gait,Danish,,Female,84.242.210.96,11/03/2023
622,Angele,Wilkennson,Zulu,awilkennsonh9@smh.com.au,Non-binary,43.14.224.137,20/01/2023
623,Maddy,Taylder,Arabic,mtaylderha@bbb.org,Female,110.111.84.221,09/04/2023
624,Elicia,Winterton,Croatian,,Female,143.221.93.40,04/10/2022
625,Georgiana,Faircliffe,Kazakh,gfaircliffehc@craigslist.org,Polygender,130.145.68.122,19/09/2022
626,Lizzy,Scutts,Bosnian,lscuttshd@biglobe.ne.jp,Female,138.249.42.128,11/11/2022
627,Tiffie,Miettinen,Romanian,tmiettinenhe@buzzfeed.com,Female,62.126.1.5,06/10/2022
628,Melosa,Oager,Polish,moagerhf@deviantart.com,Female,128.238.23.166,06/04/2023
629,Everard,Laird-Craig,Zulu,elairdcraighg@npr.org,Male,163.247.160.87,22/11/2022
630,Blane,Catteroll,Quechua,bcatterollhh@tamu.edu,Male,186.85.201.112,25/05/2023
631,Shell,Proschke,Indonesian,sproschkehi@techcrunch.com,Genderfluid,153.115.34.71,30/10/2022
632,Jamey,McLane,Latvian,jmclanehj@icq.com,Male,70.134.36.212,27/03/2023
633,Sorcha,Kittel,Belarusian,skittelhk@chicagotribune.com,Female,16.222.54.134,23/04/2023
634,Orella,Battelle,Malayalam,obattellehl@omniture.com,Genderqueer,175.187.122.86,12/04/2023
635,Greg,Longhorne,Dzongkha,glonghornehm@earthlink.net,Male,66.243.210.27,10/11/2022
636,Silas,Dikle,Punjabi,sdiklehn@tuttocitta.it,Male,42.16.197.81,11/05/2023
637,Lotta,Mallison,Icelandic,lmallisonho@columbia.edu,Female,16.78.187.187,26/08/2022
638,Sayre,Portam,Kyrgyz,sportamhp@addtoany.com,Male,122.13.245.123,08/09/2022
639,Tani,Kerner,Tswana,tkernerhq@msu.edu,Polygender,221.1.80.86,13/11/2022
640,Stefano,Gair,Kyrgyz,sgairhr@ustream.tv,Male,27.241.102.162,03/03/2023
641,Jermain,Briant,Moldovan,jbrianths@usatoday.com,Male,79.55.235.139,20/07/2022
642,Cassie,Tedahl,Icelandic,ctedahlht@mlb.com,Male,137.18.236.56,29/11/2022
643,Drew,Leisk,Dzongkha,dleiskhu@opera.com,Male,209.25.167.150,13/02/2023
644,Jaclin,Stearn,Malagasy,jstearnhv@mozilla.org,Genderfluid,149.3.100.125,01/05/2023
645,Ardenia,Redferne,Dari,aredfernehw@hostgator.com,Female,190.81.142.51,23/10/2022
646,Wilmer,Sanson,Estonian,wsansonhx@tinyurl.com,Agender,202.104.113.181,23/09/2022
647,Abraham,Willoway,Japanese,awillowayhy@constantcontact.com,Male,158.11.139.107,13/08/2022
648,Winifred,Pinkett,Ndebele,wpinketthz@whitehouse.gov,Female,84.28.164.167,08/11/2022
649,Nikoletta,Kenshole,Italian,nkensholei0@comsenz.com,Female,112.96.222.246,14/09/2022
650,Milka,Jeroch,Gujarati,mjerochi1@prweb.com,Female,12.216.184.142,06/05/2023
651,Jasper,Ambrogetti,Papiamento,jambrogettii2@hexun.com,Male,11.234.6.217,04/07/2022
652,Heather,Gout,Hiri Motu,hgouti3@seattletimes.com,Female,91.50.170.211,07/12/2022
653,Kaia,Rudland,Afrikaans,krudlandi4@youtube.com,Female,137.135.175.5,31/12/2022
654,Tomaso,Dundredge,Guaraní,tdundredgei5@prweb.com,Male,225.35.138.177,16/07/2022
655,Tedra,Drains,Azeri,tdrainsi6@example.com,Female,83.134.3.118,13/03/2023
656,Annis,Stollwerck,Marathi,astollwercki7@microsoft.com,Female,25.49.117.233,09/07/2022
657,Pepi,Gowenlock,Azeri,,Female,9.209.181.219,22/10/2022
658,Lizabeth,Elson,Chinese,lelsoni9@wix.com,Female,40.109.169.145,03/04/2023
659,Vassili,Petkov,Aymara,vpetkovia@sogou.com,Male,229.160.56.216,15/03/2023
660,Francyne,Youtead,Croatian,fyouteadib@miitbeian.gov.cn,Female,80.43.85.253,29/12/2022
661,Cara,Vedekhov,English,cvedekhovic@sina.com.cn,Bigender,44.109.33.134,01/01/2023
662,Dawn,Laherty,Bislama,dlahertyid@admin.ch,Female,20.216.230.21,19/11/2022
663,Hamilton,Delaprelle,Sotho,,Genderqueer,39.246.8.204,18/04/2023
664,Thor,Sleeford,Guaraní,tsleefordif@cpanel.net,Male,139.95.88.169,07/07/2022
665,Kareem,Fishbourn,Swahili,kfishbournig@ustream.tv,Male,150.47.34.134,23/03/2023
666,Vivianne,Ruckhard,Dhivehi,vruckhardih@ezinearticles.com,Female,56.245.189.139,11/12/2022
667,Carley,Ronchetti,Yiddish,cronchettiii@rambler.ru,Female,93.111.39.33,24/03/2023
668,Micki,Maunders,Gujarati,mmaundersij@noaa.gov,Female,231.3.80.7,14/01/2023
669,Rudolf,Ivashchenko,Japanese,rivashchenkoik@wikispaces.com,Male,77.161.167.220,17/12/2022
670,Alyse,Note,Arabic,anoteil@shop-pro.jp,Female,206.115.30.51,12/03/2023
671,Mendie,Brenard,Latvian,mbrenardim@whitehouse.gov,Male,104.35.122.80,30/07/2022
672,Kenn,Phateplace,Malay,kphateplacein@ning.com,Male,174.201.139.132,25/12/2022
673,Jocelin,Everwin,Arabic,jeverwinio@surveymonkey.com,Female,51.222.244.114,06/08/2022
674,Cordelia,Haward,Fijian,chawardip@lulu.com,Female,153.133.66.90,12/09/2022
675,Ivar,Targetter,Montenegrin,itargetteriq@omniture.com,Male,218.16.175.157,03/11/2022
676,Tyler,Cliffe,Dzongkha,tcliffeir@dropbox.com,Male,18.151.136.229,24/04/2023
677,Emlyn,Knapp,Bengali,eknappis@vinaora.com,Polygender,158.54.143.143,25/10/2022
678,Etan,Lidster,Dutch,elidsterit@businessweek.com,Male,227.169.35.45,02/05/2023
679,Davidson,Standish-Brooks,Khmer,dstandishbrooksiu@posterous.com,Male,132.90.170.225,06/02/2023
680,Jordain,Jobson,Irish Gaelic,jjobsoniv@yale.edu,Female,23.64.3.216,25/10/2022
681,Nero,Wadge,English,nwadgeiw@elegantthemes.com,Male,22.158.167.102,16/02/2023
682,Sande,Skerman,Spanish,sskermanix@independent.co.uk,Agender,152.230.219.192,10/08/2022
683,Emmit,Thickens,Northern Sotho,ethickensiy@tumblr.com,Male,146.207.10.47,19/02/2023
684,Marlyn,Jardin,Greek,mjardiniz@ftc.gov,Female,223.195.108.229,25/06/2023
685,Gill,Jirek,Lithuanian,gjirekj0@indiatimes.com,Male,17.2.187.69,01/06/2023
686,Henrie,Shard,Malayalam,hshardj1@google.nl,Non-binary,133.93.123.104,24/12/2022
687,Lucas,McChruiter,Bulgarian,lmcchruiterj2@spotify.com,Male,75.115.233.237,18/04/2023
688,Leslie,Greenway,Azeri,lgreenwayj3@mozilla.org,Male,236.5.150.47,28/02/2023
689,Pebrook,Arndt,Spanish,parndtj4@php.net,Male,0.136.33.250,28/12/2022
690,Jule,Mathiasen,Tsonga,jmathiasenj5@jiathis.com,Male,69.66.155.192,29/05/2023
691,Tiffanie,Geffe,Tamil,tgeffej6@google.ru,Female,183.65.202.10,28/04/2023
692,Arnold,Jayne,Armenian,ajaynej7@skype.com,Male,223.41.128.73,27/07/2022
693,Cahra,Gommey,Zulu,cgommeyj8@statcounter.com,Female,197.249.236.137,26/12/2022
694,Inglis,Baynom,Thai,ibaynomj9@weather.com,Male,61.72.16.113,09/10/2022
695,Mikkel,Winfindale,Bosnian,mwinfindaleja@engadget.com,Male,228.35.21.64,18/06/2023
696,Leelah,Jakubovits,Marathi,ljakubovitsjb@list-manage.com,Female,79.204.49.17,01/06/2023
697,Emmett,McGreay,Hungarian,emcgreayjc@privacy.gov.au,Male,93.183.90.52,18/02/2023
698,Wesley,Spavon,Oriya,wspavonjd@fotki.com,Male,186.144.45.178,05/08/2022
699,Ab,Briddock,Portuguese,abriddockje@marriott.com,Male,82.145.243.45,05/08/2022
700,Marcela,Ranson,Latvian,mransonjf@xrea.com,Female,50.5.123.178,06/10/2022
701,Yoshi,Davidesco,Pashto,ydavidescojg@sfgate.com,Non-binary,21.24.117.244,21/11/2022
702,El,Von Brook,Papiamento,evonbrookjh@seesaa.net,Male,130.219.245.60,03/05/2023
703,Evangelia,Pacheco,German,epachecoji@icq.com,Female,199.128.86.223,01/11/2022
704,Stillmann,Ruggiero,Spanish,sruggierojj@squarespace.com,Male,151.137.111.173,28/07/2022
705,Olenolin,Mabone,Hebrew,omabonejk@dropbox.com,Male,68.61.226.100,27/05/2023
706,Isaac,Gamett,Swati,igamettjl@shareasale.com,Bigender,119.228.15.107,25/03/2023
707,Petr,Maughan,Swedish,pmaughanjm@sphinn.com,Male,127.64.241.134,08/11/2022
708,Hermione,Kasher,Italian,hkasherjn@aboutads.info,Female,102.222.122.84,27/01/2023
709,Ford,Jerram,Albanian,fjerramjo@wikimedia.org,Male,194.195.73.168,03/11/2022
710,Vinson,Wilbud,Bulgarian,vwilbudjp@xing.com,Male,79.125.43.109,11/07/2022
711,Ellissa,Thorowgood,Czech,,Female,125.233.50.85,16/11/2022
712,Vere,Ortelt,Japanese,vorteltjr@topsy.com,Agender,200.26.68.134,15/11/2022
713,Skipper,Hanscomb,Yiddish,shanscombjs@patch.com,Male,5.195.92.41,04/02/2023
714,Shane,Peach,Ndebele,speachjt@icio.us,Male,148.92.189.85,16/06/2023
715,La verne,Ceney,Japanese,lceneyju@acquirethisname.com,Female,207.136.84.146,14/04/2023
716,Arabella,Chrismas,Thai,achrismasjv@nsw.gov.au,Female,7.143.147.141,24/10/2022
717,Kassey,Learmouth,Kannada,klearmouthjw@xinhuanet.com,Female,145.206.143.204,19/07/2022
718,Joeann,Dymott,Assamese,jdymottjx@hatena.ne.jp,Female,6.177.85.6,25/02/2023
719,Kiri,Pactat,Quechua,kpactatjy@gravatar.com,Female,118.51.150.204,08/05/2023
720,Lem,Artrick,Sotho,,Male,30.208.193.252,22/12/2022
721,Seumas,Hobden,Gagauz,,Male,231.139.78.97,14/10/2022
722,Lorraine,Creavan,Arabic,lcreavank1@xing.com,Female,142.191.150.77,24/10/2022
723,Godfrey,Copestake,Arabic,gcopestakek2@shutterfly.com,Male,2.2.233.248,05/03/2023
724,Dennie,Merrin,Filipino,,Male,96.78.78.200,13/04/2023
725,Gloriane,Padefield,Tajik,gpadefieldk4@sourceforge.net,Female,197.233.221.14,15/01/2023
726,Joeann,Milch,Chinese,jmilchk5@senate.gov,Female,11.67.145.85,06/07/2022
727,Fernande,Madre,Aymara,fmadrek6@geocities.jp,Female,231.212.249.19,06/08/2022
728,Janos,Garrat,Lithuanian,jgarratk7@gizmodo.com,Agender,120.92.153.111,09/03/2023
729,Reilly,Cuseick,Finnish,rcuseickk8@illinois.edu,Male,211.112.6.19,30/06/2022
730,Arlina,Coneley,West Frisian,aconeleyk9@printfriendly.com,Polygender,28.33.181.144,23/01/2023
731,Patrice,Ranking,Korean,prankingka@npr.org,Male,74.70.208.213,27/03/2023
732,Elwood,Ackhurst,Kyrgyz,eackhurstkb@google.com,Male,164.108.175.15,22/12/2022
733,Petey,Esch,Ndebele,peschkc@odnoklassniki.ru,Male,93.240.217.233,17/06/2023
734,Hank,De la Yglesia,Yiddish,hdelayglesiakd@qq.com,Male,162.90.63.141,19/08/2022
735,Hiram,Matuszinski,Malay,hmatuszinskike@rediff.com,Genderqueer,190.155.40.89,10/05/2023
736,Heloise,Costelloe,Catalan,hcostelloekf@ycombinator.com,Agender,184.201.2.26,27/08/2022
737,Terence,Stuther,Bengali,tstutherkg@hao123.com,Male,193.83.135.196,02/02/2023
738,Saunderson,Paradyce,Oriya,sparadycekh@jimdo.com,Male,139.13.208.47,07/06/2023
739,Pyotr,Skerratt,Tamil,pskerrattki@unesco.org,Male,3.40.196.226,12/01/2023
740,Karolina,Chettoe,Ndebele,kchettoekj@earthlink.net,Female,231.250.242.25,13/03/2023
741,Daron,Tremonte,Māori,dtremontekk@soundcloud.com,Male,3.225.7.44,10/10/2022
742,Casie,Aris,Belarusian,cariskl@nps.gov,Female,76.192.197.251,19/11/2022
743,Page,Richardet,Indonesian,prichardetkm@bluehost.com,Male,106.7.128.4,15/12/2022
744,Pyotr,Spavon,Haitian Creole,pspavonkn@clickbank.net,Male,55.180.139.89,18/06/2023
745,Elinore,Splaven,Tswana,esplavenko@tinypic.com,Female,151.156.0.173,13/02/2023
746,Karly,Huygens,Swedish,khuygenskp@marriott.com,Female,78.14.78.82,05/02/2023
747,Bengt,Lantiffe,Azeri,blantiffekq@dailymotion.com,Male,229.110.215.244,18/03/2023
748,Caryl,Thurlborn,Hiri Motu,cthurlbornkr@nba.com,Male,79.213.139.86,29/11/2022
749,Dionis,Pendrick,Czech,dpendrickks@mayoclinic.com,Female,8.46.206.35,16/11/2022
750,Weider,Skakunas,Northern Sotho,wskakunaskt@china.com.cn,Male,32.127.180.80,19/02/2023
751,Eryn,Managh,Tsonga,emanaghku@typepad.com,Female,139.61.201.243,25/04/2023
752,Waiter,Othen,Gagauz,wothenkv@multiply.com,Male,169.175.237.234,30/11/2022
753,Menard,McAteer,West Frisian,mmcateerkw@chicagotribune.com,Male,199.173.49.56,10/12/2022
754,Shelba,Lengthorn,Irish Gaelic,slengthornkx@thetimes.co.uk,Female,9.85.89.196,12/03/2023
755,Marleah,Hilbourne,Amharic,mhilbourneky@shop-pro.jp,Female,51.133.32.224,17/01/2023
756,Avigdor,Agates,Estonian,aagateskz@typepad.com,Male,12.84.55.35,24/06/2023
757,Mary,Britt,Armenian,,Female,87.189.81.140,06/09/2022
758,Hal,Paik,Hindi,hpaikl1@earthlink.net,Male,188.220.203.124,15/04/2023
759,Cara,Vineall,Hiri Motu,cvinealll2@joomla.org,Female,153.223.224.150,28/08/2022
760,Wilma,Springtorp,Zulu,wspringtorpl3@fda.gov,Female,161.112.166.91,07/06/2023
761,Camel,Goligly,Kyrgyz,cgoliglyl4@acquirethisname.com,Female,31.86.100.61,10/10/2022
762,Englebert,Ridings,Romanian,eridingsl5@about.me,Male,78.50.145.102,18/06/2023
763,Dani,Pennone,Moldovan,,Male,25.20.1.56,17/02/2023
764,Ina,Roussell,Tajik,irousselll7@storify.com,Female,72.124.69.119,03/09/2022
765,Alair,Fairlem,Swedish,afairleml8@php.net,Male,146.173.51.220,29/06/2022
766,Muhammad,Ingleston,Thai,minglestonl9@naver.com,Male,68.194.21.13,22/08/2022
767,Jorgan,O'Flaverty,Gagauz,joflavertyla@1und1.de,Male,251.5.68.112,28/08/2022
768,Rowe,Beeke,Maltese,rbeekelb@virginia.edu,Female,37.0.216.161,24/10/2022
769,Devonne,Lestor,Arabic,dlestorlc@blogtalkradio.com,Female,236.96.60.17,05/02/2023
770,Gan,Kasbye,Yiddish,gkasbyeld@noaa.gov,Male,82.177.150.153,27/05/2023
771,Annis,Rennolds,German,arennoldsle@xrea.com,Female,54.174.29.26,17/06/2023
772,Nicko,Gromley,Persian,ngromleylf@hibu.com,Male,97.227.131.83,03/07/2022
773,Gabie,Maw,Zulu,gmawlg@is.gd,Male,82.175.18.130,23/12/2022
774,Shaine,Lepere,Indonesian,sleperelh@printfriendly.com,Male,182.128.157.150,13/03/2023
775,Kellyann,Ronchi,Azeri,kronchili@quantcast.com,Female,151.102.86.92,20/05/2023
776,Yalonda,Karpmann,Māori,ykarpmannlj@loc.gov,Female,252.43.81.199,26/12/2022
777,Terri,Flint,Punjabi,tflintlk@hhs.gov,Female,60.111.158.232,31/05/2023
778,Fawnia,Norheny,Bislama,fnorhenyll@booking.com,Female,91.237.193.4,07/05/2023
779,Rollo,Wackley,Telugu,rwackleylm@histats.com,Male,215.207.132.42,13/09/2022
780,Gherardo,Minthorpe,Quechua,gminthorpeln@elegantthemes.com,Male,229.142.95.67,14/03/2023
781,Aron,Lambrechts,Sotho,alambrechtslo@google.pl,Male,73.231.30.197,08/12/2022
782,Gloriane,Gilleson,Romanian,ggillesonlp@unicef.org,Female,40.128.206.207,28/01/2023
783,Judy,Eva,Northern Sotho,jevalq@sbwire.com,Female,74.100.35.38,10/03/2023
784,Ursa,McGeaney,Malay,umcgeaneylr@ustream.tv,Female,73.15.147.221,08/04/2023
785,Rubia,Andrichuk,Montenegrin,randrichukls@eventbrite.com,Female,237.188.24.98,24/10/2022
786,Benetta,Isaaksohn,Oriya,bisaaksohnlt@amazon.co.uk,Female,193.73.173.196,29/04/2023
787,Bryna,Blumer,Chinese,bblumerlu@slate.com,Female,241.36.112.97,08/05/2023
788,Darcy,Kitter,Bislama,dkitterlv@ox.ac.uk,Female,152.174.124.80,20/03/2023
789,Vasili,Lambe,Kyrgyz,,Male,50.80.198.190,20/09/2022
790,Justus,Moline,Spanish,jmolinelx@a8.net,Male,205.148.231.90,25/09/2022
791,Gnni,Staggs,Amharic,gstaggsly@businesswire.com,Female,38.63.181.255,05/03/2023
792,Courtenay,Impleton,Persian,cimpletonlz@youku.com,Female,167.134.194.240,22/03/2023
793,Melania,Bavister,Kyrgyz,,Female,160.200.227.3,10/02/2023
794,Odilia,Springate,Telugu,ospringatem1@admin.ch,Female,144.237.168.199,05/05/2023
795,Bryan,Downton,Gagauz,bdowntonm2@mozilla.org,Male,201.93.218.244,20/03/2023
796,Anni,Whyard,New Zealand Sign Language,awhyardm3@chron.com,Female,108.109.185.59,05/02/2023
797,Sacha,Giblin,English,sgiblinm4@pinterest.com,Female,188.255.134.36,14/07/2022
798,Laraine,Barltrop,Lithuanian,lbarltropm5@yellowbook.com,Female,19.40.26.68,28/06/2022
799,Abba,Tschersich,Hindi,atschersichm6@dion.ne.jp,Male,190.193.245.175,21/02/2023
800,Glynda,Reicharz,Swahili,greicharzm7@fc2.com,Female,121.4.182.78,07/11/2022
801,Harriett,Caws,Hindi,hcawsm8@arstechnica.com,Female,235.240.194.177,16/12/2022
802,Elberta,Ivain,Bosnian,,Female,2.126.198.140,23/11/2022
803,Alvera,Golby,Polish,agolbyma@icio.us,Female,229.238.212.60,24/02/2023
804,Frances,Oattes,English,foattesmb@alexa.com,Bigender,1.89.150.241,18/01/2023
805,Gabe,Depper,Thai,gdeppermc@dedecms.com,Male,214.90.175.45,30/07/2022
806,Harp,Bolam,Finnish,hbolammd@t-online.de,Male,165.18.65.15,17/09/2022
807,Joellen,Remirez,Estonian,jremirezme@cpanel.net,Female,113.26.61.185,03/04/2023
808,Lorraine,Mioni,Zulu,lmionimf@google.co.uk,Genderfluid,12.234.230.154,31/08/2022
809,Thomas,Whitton,Portuguese,twhittonmg@51.la,Male,101.39.131.111,25/11/2022
810,Kayla,Burchall,Macedonian,,Female,30.85.111.64,30/07/2022
811,Kermie,Espley,Spanish,kespleymi@guardian.co.uk,Male,18.223.151.72,02/11/2022
812,Lester,Kemsley,Tswana,lkemsleymj@example.com,Male,248.49.102.175,10/10/2022
813,Caren,Cottel,Aymara,ccottelmk@hud.gov,Female,218.111.63.41,01/11/2022
814,Carmela,Franscioni,Kashmiri,cfranscioniml@discuz.net,Female,169.50.138.160,10/07/2022
815,Vassily,Pirrey,Hebrew,vpirreymm@wisc.edu,Male,192.236.63.133,14/08/2022
816,Loreen,Dorot,Azeri,ldorotmn@mit.edu,Female,223.213.133.118,07/10/2022
817,Wolfie,Bools,Swahili,wboolsmo@hugedomains.com,Agender,48.77.233.221,26/10/2022
818,Basilio,O'Drought,Catalan,bodroughtmp@printfriendly.com,Male,135.54.172.126,14/11/2022
819,Carly,Rameaux,Northern Sotho,crameauxmq@networkadvertising.org,Male,243.137.83.17,05/06/2023
820,Mort,Ruckhard,Luxembourgish,mruckhardmr@smugmug.com,Male,223.52.58.11,22/12/2022
821,Taryn,Rye,West Frisian,tryems@surveymonkey.com,Female,70.231.229.231,13/02/2023
822,Phil,Gipps,New Zealand Sign Language,pgippsmt@noaa.gov,Male,166.34.191.114,19/10/2022
823,Konstantine,Holtham,Filipino,kholthammu@prlog.org,Male,186.169.141.51,14/07/2022
824,Seth,Rosenbarg,Catalan,srosenbargmv@flickr.com,Male,201.144.133.242,07/06/2023
825,Kassie,Ber,Icelandic,kbermw@skyrock.com,Female,21.101.160.136,30/12/2022
826,Worthy,Bote,Gagauz,wbotemx@sciencedaily.com,Bigender,190.122.153.136,13/11/2022
827,Nichols,Boshier,Irish Gaelic,nboshiermy@dropbox.com,Male,123.243.131.169,24/03/2023
828,Loydie,Ashby,Kurdish,lashbymz@redcross.org,Male,106.95.9.145,11/08/2022
829,Rosie,Warrick,Mongolian,rwarrickn0@ebay.com,Genderfluid,245.199.32.30,11/01/2023
830,Rodolphe,Broadey,Gujarati,rbroadeyn1@cnbc.com,Male,22.156.196.108,06/02/2023
831,Andriette,Phillp,Tsonga,aphillpn2@cmu.edu,Female,155.29.136.41,14/10/2022
832,Yvor,Patrie,Japanese,ypatrien3@furl.net,Male,247.123.149.191,07/11/2022
833,Norri,Speechley,Māori,nspeechleyn4@com.com,Female,205.26.85.244,21/06/2023
834,Eadie,Todd,Bengali,,Female,41.188.1.126,25/12/2022
835,Maxi,Hobell,Kurdish,,Female,46.40.93.16,10/05/2023
836,Felice,Royce,Quechua,froycen7@craigslist.org,Non-binary,248.77.120.164,28/08/2022
837,Jess,Jedrzejewsky,Thai,jjedrzejewskyn8@behance.net,Male,28.44.133.91,26/01/2023
838,Mackenzie,Budgeon,Haitian Creole,mbudgeonn9@home.pl,Male,50.254.1.90,20/03/2023
839,Osmund,Calway,Latvian,ocalwayna@a8.net,Male,187.241.209.147,01/11/2022
840,Gregory,Alexsandrovich,Hebrew,galexsandrovichnb@youtube.com,Male,35.162.242.111,20/02/2023
841,Arlina,Carmen,Maltese,acarmennc@sohu.com,Female,217.130.217.50,28/01/2023
842,Paula,Parkes,Bosnian,pparkesnd@hud.gov,Female,224.2.248.221,27/09/2022
843,Nealy,Noye,Kyrgyz,nnoyene@youku.com,Agender,163.53.109.106,27/03/2023
844,Gerald,Ellings,Portuguese,gellingsnf@blinklist.com,Male,2.254.146.185,10/01/2023
845,Chas,Clausner,Lithuanian,cclausnerng@bloomberg.com,Male,240.208.231.97,18/07/2022
846,Karol,Gianninotti,Sotho,kgianninottinh@weibo.com,Female,190.187.103.52,15/01/2023
847,Jeddy,Pawelek,Fijian,jpawelekni@discovery.com,Male,120.194.144.94,14/11/2022
848,Winni,Siemandl,Dhivehi,wsiemandlnj@cam.ac.uk,Female,201.228.56.126,05/03/2023
849,Armin,Bussens,Dutch,abussensnk@bloomberg.com,Male,224.10.66.138,25/11/2022
850,Salem,Sultana,Macedonian,ssultananl@japanpost.jp,Male,2.35.203.128,02/04/2023
851,Marcello,Gyrgorcewicx,Danish,mgyrgorcewicxnm@hatena.ne.jp,Male,227.242.80.191,13/09/2022
852,Sansone,Mafham,Aymara,smafhamnn@bravesites.com,Male,95.191.51.36,06/12/2022
853,Clevey,Duffyn,Polish,cduffynno@smugmug.com,Male,191.194.119.189,10/10/2022
854,Anatollo,Shearer,Lithuanian,ashearernp@si.edu,Male,254.69.109.230,27/01/2023
855,Dyanne,Careless,Kyrgyz,dcarelessnq@washingtonpost.com,Female,253.113.171.248,29/04/2023
856,Natka,Celle,West Frisian,ncellenr@moonfruit.com,Female,22.196.242.132,20/02/2023
857,Jolene,Earl,Somali,jearlns@yolasite.com,Female,81.187.17.82,17/08/2022
858,Cecilio,Schelle,Marathi,cschellent@toplist.cz,Male,73.255.225.192,10/01/2023
859,Audrey,Hindge,Albanian,ahindgenu@cisco.com,Genderqueer,58.255.213.161,18/08/2022
860,Sallee,Bowcock,Tajik,sbowcocknv@pcworld.com,Female,33.189.11.14,05/10/2022
861,Oates,Bauer,French,obauernw@w3.org,Male,73.72.164.60,16/06/2023
862,Nata,Penticost,Papiamento,npenticostnx@prweb.com,Female,64.174.242.123,04/06/2023
863,Petrina,Keyte,Latvian,pkeyteny@sogou.com,Female,4.13.3.141,25/02/2023
864,Trefor,Waberer,Tswana,twaberernz@dropbox.com,Male,231.165.56.62,20/11/2022
865,Bastien,Kahane,Gujarati,bkahaneo0@vk.com,Male,137.0.13.180,28/07/2022
866,Xenia,Tribble,Zulu,xtribbleo1@bandcamp.com,Genderqueer,42.55.19.98,30/01/2023
867,Lorenza,Murdy,Gagauz,lmurdyo2@nps.gov,Female,70.31.177.112,01/07/2022
868,Jewel,Etuck,Armenian,jetucko3@macromedia.com,Female,139.238.64.64,29/07/2022
869,Drusilla,Dacres,Dzongkha,ddacreso4@lulu.com,Female,152.174.218.34,02/07/2022
870,Carolann,Puddin,Finnish,cpuddino5@4shared.com,Female,100.248.227.173,14/01/2023
871,Lise,Jedrzejczak,Thai,ljedrzejczako6@wunderground.com,Female,131.29.77.140,01/12/2022
872,Constantine,Cherry,Northern Sotho,ccherryo7@ebay.co.uk,Male,11.3.200.193,12/03/2023
873,Germaine,Legge,Dzongkha,gleggeo8@twitter.com,Male,162.88.212.16,04/03/2023
874,Burnard,Zukierman,Amharic,bzukiermano9@goodreads.com,Male,208.145.70.33,20/10/2022
875,Lauryn,Farquhar,Khmer,lfarquharoa@squarespace.com,Female,62.157.156.231,07/09/2022
876,Hercules,Striker,Māori,hstrikerob@psu.edu,Male,228.32.109.132,13/03/2023
877,Carie,Radden,Arabic,craddenoc@cdbaby.com,Genderqueer,133.98.157.168,25/06/2023
878,Yancey,Iiannone,Georgian,yiiannoneod@google.it,Polygender,223.236.136.141,06/01/2023
879,Loreen,Heindle,Kurdish,lheindleoe@sogou.com,Female,144.180.169.210,21/05/2023
880,Eliza,Crissil,Spanish,ecrissilof@opensource.org,Female,59.168.134.92,01/10/2022
881,Karney,Shrieves,Azeri,kshrievesog@biblegateway.com,Male,25.116.123.181,07/09/2022
882,Wynne,Goldby,German,wgoldbyoh@cnbc.com,Female,216.54.142.135,31/10/2022
883,Elga,Gollin,Burmese,egollinoi@aboutads.info,Female,152.146.3.169,13/10/2022
884,Julie,Colecrough,Yiddish,jcolecroughoj@nature.com,Polygender,60.254.84.112,02/02/2023
885,Avis,Duiged,Irish Gaelic,aduigedok@exblog.jp,Female,145.247.5.194,10/04/2023
886,Dennis,Calbrathe,West Frisian,dcalbratheol@adobe.com,Male,194.122.111.218,08/11/2022
887,Corenda,Atterley,Burmese,catterleyom@live.com,Genderqueer,86.109.58.69,19/07/2022
888,Dorisa,Matura,Polish,dmaturaon@usgs.gov,Female,123.204.153.141,13/12/2022
889,Harris,Mulvey,Polish,hmulveyoo@icio.us,Genderfluid,169.30.152.148,19/06/2023
890,Sharia,Kynton,Dari,skyntonop@1und1.de,Female,87.16.209.23,03/08/2022
891,Darell,Coaten,Kyrgyz,dcoatenoq@macromedia.com,Female,138.135.1.209,16/02/2023
892,Far,Woolis,Swahili,fwoolisor@jugem.jp,Polygender,40.55.219.143,27/08/2022
893,Baird,Durbin,Bosnian,bdurbinos@youtu.be,Male,115.233.44.220,02/07/2022
894,Tildi,Antoshin,Amharic,tantoshinot@acquirethisname.com,Female,32.96.133.22,01/03/2023
895,Cyrille,Britney,Swedish,cbritneyou@mapquest.com,Genderqueer,213.151.151.19,25/08/2022
896,Maryjo,Goaks,Albanian,mgoaksov@opensource.org,Female,61.185.182.10,23/08/2022
897,Shawna,Grout,German,sgroutow@who.int,Female,206.67.57.59,26/04/2023
898,Dixie,Autie,Tswana,dautieox@vistaprint.com,Female,219.129.249.172,30/06/2022
899,Virgilio,Challen,Māori,,Male,34.186.123.61,04/02/2023
900,Tom,Hruska,Sotho,,Male,222.175.151.35,25/04/2023
901,Dru,Alvarado,Icelandic,dalvaradop0@skype.com,Female,200.177.240.211,21/01/2023
902,Hew,Doerling,Telugu,hdoerlingp1@forbes.com,Male,33.236.238.12,31/08/2022
903,Gretal,Sexstone,Bosnian,gsexstonep2@sohu.com,Female,20.118.145.170,02/11/2022
904,Phip,Keyser,Swati,pkeyserp3@wp.com,Male,14.226.26.153,06/02/2023
905,Ainslie,Wimmer,Dhivehi,awimmerp4@weebly.com,Female,81.66.165.63,09/04/2023
906,Mallory,Beverley,Assamese,mbeverleyp5@bizjournals.com,Non-binary,63.84.201.182,12/03/2023
907,Tatum,Witter,Latvian,twitterp6@bloglovin.com,Agender,95.121.255.239,13/12/2022
908,Feliks,Toffel,Kazakh,ftoffelp7@blog.com,Male,215.6.112.84,16/10/2022
909,Mollie,Rau,Belarusian,mraup8@netscape.com,Female,228.243.18.15,08/06/2023
910,Lucky,Kilfeather,Kannada,lkilfeatherp9@wired.com,Female,244.163.124.74,08/02/2023
911,Neal,Baldree,Dhivehi,,Male,138.41.185.112,16/08/2022
912,Cathlene,Duckels,Malagasy,cduckelspb@senate.gov,Female,139.149.31.45,28/05/2023
913,Andris,Couser,Irish Gaelic,acouserpc@admin.ch,Male,233.198.171.186,16/12/2022
914,Oliy,Strete,Yiddish,ostretepd@ft.com,Female,96.183.190.104,11/08/2022
915,Cece,Estcot,Hungarian,cestcotpe@friendfeed.com,Male,67.91.194.173,02/08/2022
916,Brynne,Da Costa,Swedish,bdacostapf@unc.edu,Female,82.125.3.235,19/02/2023
917,Kerr,Duchenne,Norwegian,kduchennepg@netscape.com,Male,193.209.47.125,01/05/2023
918,Pam,McCrory,German,pmccroryph@ucoz.ru,Female,248.30.136.22,24/01/2023
919,Shanan,Plaide,Italian,splaidepi@cnet.com,Male,30.198.33.155,10/06/2023
920,Federico,Teggin,Northern Sotho,ftegginpj@soup.io,Male,52.163.56.3,07/09/2022
921,Manny,Beamand,Māori,mbeamandpk@dyndns.org,Male,180.123.181.173,14/10/2022
922,Lynn,Ticksall,Quechua,,Male,254.227.67.26,25/11/2022
923,Haleigh,Rivalant,Belarusian,hrivalantpm@instagram.com,Female,69.200.151.145,07/05/2023
924,Andria,Hamments,Hindi,ahammentspn@acquirethisname.com,Female,199.236.1.188,10/11/2022
925,Thorsten,Dearle-Palser,Hiri Motu,tdearlepalserpo@gizmodo.com,Male,225.66.152.42,27/11/2022
926,Rutter,Johnikin,Punjabi,rjohnikinpp@bbb.org,Male,167.102.0.221,12/07/2022
927,Inesita,Stuttard,Lao,istuttardpq@123-reg.co.uk,Female,114.70.223.18,18/08/2022
928,Edythe,Machen,Portuguese,emachenpr@webs.com,Female,95.36.116.67,13/12/2022
929,Mira,Santos,Hiri Motu,,Female,7.68.153.230,31/10/2022
930,Barrie,Couronne,Hiri Motu,bcouronnept@cisco.com,Female,181.54.210.177,31/10/2022
931,Joela,Giacomazzo,Tamil,jgiacomazzopu@marketwatch.com,Female,185.251.223.35,27/04/2023
932,Fionnula,Cockman,Chinese,fcockmanpv@nyu.edu,Female,95.72.64.208,09/09/2022
933,Twila,Jellis,Dari,tjellispw@arstechnica.com,Female,215.6.123.90,15/08/2022
934,Stefano,Crook,Catalan,scrookpx@noaa.gov,Male,147.120.149.18,03/02/2023
935,Mar,Carmel,Amharic,mcarmelpy@spiegel.de,Male,129.212.234.112,24/07/2022
936,Esme,Stirton,Dzongkha,estirtonpz@java.com,Male,57.215.225.51,30/05/2023
937,Codi,Larcombe,Estonian,clarcombeq0@cbsnews.com,Male,164.160.230.251,09/04/2023
938,Jemie,Fountian,Aymara,jfountianq1@linkedin.com,Female,37.33.55.86,20/01/2023
939,Madelin,Pallasch,Guaraní,mpallaschq2@miitbeian.gov.cn,Female,140.168.136.52,28/09/2022
940,Farris,Coverdale,Swedish,fcoverdaleq3@senate.gov,Male,95.29.120.255,17/02/2023
941,Fin,Hosier,Fijian,fhosierq4@npr.org,Male,144.13.55.100,28/11/2022
942,Kirk,Hugnin,Danish,khugninq5@bandcamp.com,Male,222.124.97.108,16/09/2022
943,Wilona,Scotts,Macedonian,wscottsq6@purevolume.com,Female,161.215.150.4,25/11/2022
944,Kikelia,Philipart,French,kphilipartq7@ehow.com,Female,61.118.125.42,03/02/2023
945,Donella,Espin,Portuguese,despinq8@blog.com,Female,186.176.146.237,27/09/2022
946,Kinsley,Bulgen,Montenegrin,kbulgenq9@xrea.com,Male,58.55.162.96,23/02/2023
947,Chloe,Heynen,Spanish,cheynenqa@csmonitor.com,Female,13.86.191.105,08/11/2022
948,Marie-ann,Willett,Pashto,mwillettqb@dedecms.com,Female,156.69.51.122,28/04/2023
949,Hendrika,Halvorsen,Azeri,hhalvorsenqc@123-reg.co.uk,Female,104.191.50.100,16/06/2023
950,Arny,Audley,Finnish,aaudleyqd@cyberchimps.com,Male,205.107.252.236,04/05/2023
951,Atlante,Woodage,Dari,awoodageqe@eepurl.com,Female,81.52.12.216,28/12/2022
952,Cherry,Baseke,Filipino,cbasekeqf@4shared.com,Female,85.147.30.94,15/07/2022
953,Rafael,Le Noir,Gagauz,rlenoirqg@skype.com,Male,32.89.7.215,12/09/2022
954,Boone,Summerley,Malagasy,bsummerleyqh@e-recht24.de,Male,55.171.1.58,19/01/2023
955,Anthia,MacDiarmond,Māori,amacdiarmondqi@hostgator.com,Female,231.206.7.152,11/01/2023
956,Nolana,Lease,Thai,nleaseqj@epa.gov,Female,243.64.215.31,07/10/2022
957,Vite,Coners,Assamese,vconersqk@yelp.com,Male,158.162.46.167,29/10/2022
958,Jorgan,Whitechurch,Italian,jwhitechurchql@timesonline.co.uk,Male,238.223.95.246,17/07/2022
959,Galvan,Simioni,Northern Sotho,gsimioniqm@yahoo.com,Genderfluid,57.141.183.67,22/03/2023
960,Granthem,Eate,Pashto,geateqn@hostgator.com,Male,112.210.61.18,10/03/2023
961,Laureen,Demangeon,Malagasy,ldemangeonqo@berkeley.edu,Female,135.228.252.29,19/01/2023
962,Raleigh,Handrok,Icelandic,rhandrokqp@issuu.com,Male,115.73.56.82,24/03/2023
963,Fionna,Girvan,Finnish,fgirvanqq@yellowbook.com,Female,19.101.120.216,23/01/2023
964,Lisette,Liccardi,Bengali,lliccardiqr@jiathis.com,Female,10.196.65.79,07/03/2023
965,Sadella,Holstein,Spanish,sholsteinqs@blogspot.com,Female,165.97.71.23,23/12/2022
966,Reggie,Wiggall,Somali,rwiggallqt@admin.ch,Male,98.128.246.232,28/02/2023
967,Ky,Baggally,Tetum,kbaggallyqu@dailymail.co.uk,Male,230.202.95.106,19/10/2022
968,Giusto,Demonge,Assamese,gdemongeqv@tmall.com,Male,124.36.61.163,15/05/2023
969,Elayne,Hassan,Filipino,ehassanqw@deliciousdays.com,Female,38.175.118.87,17/05/2023
970,Boris,Grosvener,Aymara,bgrosvenerqx@etsy.com,Male,149.144.194.127,12/11/2022
971,Roma,Blader,Catalan,rbladerqy@google.co.jp,Male,48.184.73.160,09/06/2023
972,Dael,Brunn,Italian,dbrunnqz@mayoclinic.com,Agender,122.78.159.225,12/11/2022
973,David,Quilty,Bengali,dquiltyr0@joomla.org,Male,90.85.210.253,06/06/2023
974,Ximenes,Tredget,Filipino,xtredgetr1@constantcontact.com,Male,206.247.101.243,11/03/2023
975,Birch,Tunniclisse,Oriya,btunniclisser2@columbia.edu,Male,77.205.130.49,14/06/2023
976,Zulema,McGaughey,Azeri,zmcgaugheyr3@google.it,Female,108.187.48.120,02/09/2022
977,Susan,Bloy,Dari,sbloyr4@webmd.com,Female,30.255.93.76,06/06/2023
978,Caddric,Sheran,Azeri,csheranr5@nps.gov,Male,184.45.177.101,03/12/2022
979,Ross,Digan,Thai,rdiganr6@independent.co.uk,Male,31.240.17.217,19/01/2023
980,Winfred,Larkings,Tswana,wlarkingsr7@spiegel.de,Male,92.224.75.34,12/01/2023
981,Humbert,Errowe,Gujarati,herrower8@theglobeandmail.com,Male,10.40.95.100,05/11/2022
982,Teena,Cordall,Hindi,tcordallr9@japanpost.jp,Female,84.189.140.113,17/02/2023
983,Gerhardt,Moraleda,Burmese,gmoraledara@oakley.com,Male,50.18.22.243,12/01/2023
984,Lucina,Triggel,Japanese,ltriggelrb@chicagotribune.com,Female,41.243.138.65,11/12/2022
985,Denis,Treske,Bosnian,dtreskerc@yale.edu,Male,62.122.164.101,28/08/2022
986,Gunther,Lackney,Icelandic,glackneyrd@springer.com,Male,219.32.229.251,13/02/2023
987,Morry,Excell,Croatian,mexcellre@smh.com.au,Bigender,248.129.117.177,24/09/2022
988,Cherry,Kose,Italian,ckoserf@aol.com,Female,192.249.31.80,24/01/2023
989,Geraldine,Stallan,Danish,gstallanrg@imdb.com,Female,85.230.252.210,08/03/2023
990,Pedro,Kield,Papiamento,pkieldrh@liveinternet.ru,Agender,134.2.212.169,09/07/2022
991,Arnuad,Mease,Danish,ameaseri@webs.com,Male,171.225.230.250,30/09/2022
992,Dasha,Hurdle,Tsonga,dhurdlerj@wufoo.com,Female,186.97.195.111,17/04/2023
993,Chandler,Ruzic,Dzongkha,,Male,196.232.34.251,20/01/2023
994,Constantine,Sarge,French,csargerl@dailymotion.com,Female,158.90.123.177,06/08/2022
995,Francesco,Kesten,Persian,fkestenrm@google.com.br,Male,162.119.179.19,01/08/2022
996,Bride,Geerling,Tsonga,bgeerlingrn@narod.ru,Female,214.64.13.210,10/05/2023
997,Keane,MacBey,Luxembourgish,kmacbeyro@fotki.com,Male,251.159.4.251,03/10/2022
998,Olympe,Bolland,Tswana,obollandrp@gravatar.com,Genderfluid,164.212.151.39,23/11/2022
999,Morgan,Wiper,Kyrgyz,mwiperrq@skype.com,Male,220.66.31.165,03/01/2023
1000,Raddy,Fredi,Indonesian,rfredirr@pinterest.com,Male,93.248.102.206,10/09/2022
